indice_tiempo,tc_ars_dolar_galicia_electronico_venta_15hs,tc_ars_dolar_supervielle_electronico_venta_15hs,tc_ars_dolar_itau_electronico_venta_15hs,tc_ars_dolar_macro_electronico_venta_15hs,tc_ars_dolar_piano_electronico_venta_15hs,tc_ars_dolar_credicoop_electronico_venta_15hs,tc_ars_dolar_bbva_electronico_venta_15hs,tc_ars_dolar_bna_electronico_venta_15hs,tc_ars_dolar_ibcambio_electronico_venta_15hs,tc_ars_dolar_patagonia_electronico_venta_15hs,tc_ars_dolar_hsbc_electronico_venta_15hs,tc_ars_dolar_brubank_electronico_venta_15hs,tc_ars_dolar_bullmarket_electronico_venta_15hs,tc_ars_dolar_santander_electronico_venta_15hs,tc_ars_dolar_hipotecario_electronico_venta_15hs,tc_ars_dolar_balanz_electronico_venta_15hs
2017-01-02,16.2,,16.2,,,16.07,16.15,,,16.15,16.1,,,16.2,,
2017-01-03,16.15,,16.15,,,16.07,16.15,,,,16.1,,,16.2,,
2017-01-04,,,16.35,,,16.27,16.3,,,16.3,16.25,,,16.4,,
2017-01-05,16.25,,16.25,,,16.17,16.15,,,16.15,16.15,,,16.25,,
2017-01-06,16.05,,16.1,,,16.07,16.0,,,16.15,16.05,,,16.05,,
2017-01-07,,,,,,,,,,,,,,,,
2017-01-08,,,,,,,,,,,,,,,,
2017-01-09,16.05,,16.1,,,16.02,16.1,,,16.05,15.95,,,16.15,,
2017-01-10,16.1,,16.1,,,16.02,16.1,,,16.05,16.05,,,16.15,,
2017-01-11,16.1,,16.1,,,16.02,16.05,,,16.1,,,,16.15,,
2017-01-12,16.05,,16.1,,,16.02,16.0,,,16.1,16.05,,,16.1,,
2017-01-13,16.05,,16.1,,,16.02,16.05,,,16.1,16.05,,,16.1,,
2017-01-14,,,,,,,,,,,,,,,,
2017-01-15,,,,,,,,,,,,,,,,
2017-01-16,,,16.1,,,16.05,16.1,,,16.1,16.05,,,16.1,,
2017-01-17,16.15,,16.1,,,16.05,16.1,,,16.1,16.05,,,16.15,,
2017-01-18,16.2,,16.2,,,16.17,16.2,,,16.2,16.1,,,16.2,,
2017-01-19,16.2,,16.2,,,16.12,16.1,,,16.2,16.2,,,16.15,,
2017-01-20,,,16.15,,,16.12,16.15,,,16.05,16.0,,,16.15,,
2017-01-21,,,,,,,,,,,,,,,,
2017-01-22,,,,,,,,,,,,,,,,
2017-01-23,,,,,,16.12,16.15,,,16.15,16.1,,,16.2,,
2017-01-24,16.2,,16.2,,,16.15,16.15,,,16.15,,,,16.2,,
2017-01-25,16.15,,16.2,,,16.15,16.15,,,16.15,16.15,,,16.2,,
2017-01-26,16.15,,16.2,,,16.15,16.15,,,16.2,16.15,,,,,
2017-01-27,,,16.15,,,16.12,16.1,,,16.15,16.1,,,16.15,,
2017-01-28,,,,,,,,,,,,,,,,
2017-01-29,,,,,,,,,,,,,,,,
2017-01-30,16.15,,16.15,,,16.12,16.15,,,16.15,16.1,,,16.15,,
2017-01-31,16.15,,16.15,,,,16.1,,,16.15,16.05,,,16.15,,
2017-02-01,16.05,,16.1,,,15.97,16.05,,,16.0,16.0,,,16.05,,
2017-02-02,,,15.9,,,15.92,15.93,,,15.9,15.9,,,15.9,,
2017-02-03,15.85,,15.9,,,15.87,15.91,,,15.85,,,,15.9,,
2017-02-04,,,,,,,,,,,,,,,,
2017-02-05,,,,,,,,,,,,,,,,
2017-02-06,15.95,,15.95,,,15.92,15.99,,,,,,,16.0,,
2017-02-07,15.9,,15.95,,,,15.92,,,16.0,15.85,,,15.95,,
2017-02-08,15.9,,15.95,,,15.92,15.95,,,15.9,15.85,,,16.1,,
2017-02-09,15.85,,15.9,,,15.87,15.85,,,15.85,15.85,,,16.05,,
2017-02-10,15.75,,15.85,,,15.77,15.82,,,15.7,,,,15.95,,
2017-02-11,,,,,,,,,,,,,,,,
2017-02-12,,,,,,,,,,,,,,,,
2017-02-13,15.75,,15.8,,,15.72,15.76,,,15.8,15.7,,,,,
2017-02-14,15.75,,15.8,,,15.67,15.76,,,15.7,15.7,,,15.95,,
2017-02-15,15.6,,15.75,,,15.62,15.65,,,15.6,15.6,,,15.85,,
2017-02-16,15.65,,15.7,,,15.62,15.65,,,15.6,15.55,,,15.85,,
2017-02-17,15.85,,15.9,,,15.82,15.93,,,15.85,15.8,,,16.1,,
2017-02-18,,,,,,,,,,,,,,,,
2017-02-19,,,,,,,,,,,,,,,,
2017-02-20,15.95,,16.0,,,15.92,15.98,,,16.0,15.8,,,16.15,,
2017-02-21,15.85,,15.95,,,15.87,15.95,,,16.0,15.8,,,16.0,,
2017-02-22,15.75,,15.85,,,15.87,15.89,,,15.7,15.65,,,15.9,,
2017-02-23,15.8,,15.85,,,15.77,15.84,,,15.8,15.7,,,15.9,,
2017-02-24,15.7,,15.75,,,15.67,15.8,,,15.65,,,,15.85,,
2017-02-25,,,,,,,,,,,,,,,,
2017-02-26,,,,,,,,,,,,,,,,
2017-02-27,,,,,,,,,,,,,,,,
2017-02-28,,,,,,,,,,,,,,,,
2017-03-01,15.65,,15.8,,,15.67,15.74,15.7,,15.75,15.7,,,15.85,,
2017-03-02,15.65,,15.75,,,15.62,15.74,15.6,,15.65,15.6,,,15.75,,
2017-03-03,15.7,,15.75,15.65,,15.67,15.74,15.6,,15.65,15.6,,,15.8,,
2017-03-04,,,,,,,,,,,,,,,,
2017-03-05,,,,,,,,,,,,,,,,
2017-03-06,15.7,,15.75,15.65,,15.67,15.74,15.6,,15.65,15.6,,,15.8,,
2017-03-07,15.73,,15.8,15.75,,15.72,15.76,15.7,,15.75,15.75,,,15.9,,
2017-03-08,15.85,,15.9,15.85,,15.77,15.89,15.8,,15.8,,,,16.0,,
2017-03-09,15.85,,15.9,15.75,,15.77,15.84,15.8,,15.85,15.9,,,15.95,,
2017-03-10,15.75,,15.8,15.75,,15.72,15.79,15.7,,15.85,15.7,,,15.9,,
2017-03-11,,,,,,,,,,,,,,,,
2017-03-12,,,,,,,,,,,,,,,,
2017-03-13,15.8,,15.85,15.75,,15.72,15.84,15.7,,15.75,15.7,,,15.95,,
2017-03-14,15.8,,15.85,15.75,,15.72,15.84,15.7,,15.75,15.7,,,15.95,,
2017-03-15,15.85,15.72,15.85,15.8,,15.77,15.84,15.7,,15.75,15.7,,,15.95,,
2017-03-16,15.85,15.77,15.85,15.7,,15.72,15.84,15.75,,15.8,15.7,,,15.95,,
2017-03-17,15.8,15.82,15.9,15.7,,15.72,15.84,15.75,,15.8,15.7,,,15.95,,
2017-03-18,,,,,,,,,,,,,,,,
2017-03-19,,,,,,,,,,,,,,,,
2017-03-20,15.9,15.97,15.95,15.9,,15.82,15.94,15.8,,15.85,15.9,,,16.05,,
2017-03-21,15.9,,15.95,15.8,,15.77,15.94,15.8,,15.9,15.8,,,16.0,,
2017-03-22,15.85,15.87,15.95,15.8,,15.77,15.94,15.8,,15.9,,,,16.0,,
2017-03-23,15.9,15.87,15.95,15.8,,15.77,15.94,15.8,,15.9,,,,16.0,,
2017-03-24,,,,,,,,,,,,,,,,
2017-03-25,,,,,,,,,,,,,,,,
2017-03-26,,,,,,,,,,,,,,,,
2017-03-27,15.9,15.87,15.95,15.8,,15.77,15.86,15.8,,15.8,15.8,,,16.0,,
2017-03-28,15.8,15.77,15.9,15.7,,15.77,15.84,15.8,,15.8,,,,15.95,,
2017-03-29,15.75,15.72,15.8,15.7,,15.67,15.72,15.65,,15.7,15.7,,,15.85,,
2017-03-30,15.7,15.62,15.75,15.6,,15.62,15.69,15.6,,15.6,,,,15.8,,
2017-03-31,15.4,15.62,15.75,15.6,,15.57,15.69,15.55,,15.7,15.65,,,15.8,,
2017-04-01,,,,,,,,,,,,,,,,
2017-04-02,,,,,,,,,,,,,,,,
2017-04-03,15.7,15.67,17.1,15.6,,15.57,15.71,15.6,,15.65,15.6,,,15.85,,
2017-04-04,15.65,15.62,15.75,,,15.52,15.68,15.6,,15.65,,,,15.8,,
2017-04-05,15.65,15.57,15.7,15.6,,15.57,15.68,15.55,,15.6,15.6,,,15.75,,
2017-04-06,15.7,15.63,15.75,15.6,,15.62,15.71,15.55,,15.6,15.6,,,15.8,,
2017-04-07,15.65,15.62,15.75,15.5,,15.57,15.68,15.6,,15.65,15.6,,,15.75,,
2017-04-08,,,,,,,,,,,,,,,,
2017-04-09,,,,,,,,,,,,,,,,
2017-04-10,15.6,15.57,15.65,15.4,,15.52,15.58,15.4,,15.6,15.6,,,15.6,,
2017-04-11,15.5,15.47,15.6,15.4,,15.52,,15.4,,15.5,15.4,,,15.65,,
2017-04-12,15.5,15.37,15.9,15.4,,15.47,15.48,15.4,,15.4,15.4,,,15.6,,
2017-04-13,,,,,,,,,,,,,,,,
2017-04-14,,,,,,,,,,,,,,,,
2017-04-15,,,,,,,,,,,,,,,,
2017-04-16,,,,,,,,,,,,,,,,
2017-04-17,15.5,15.42,15.6,15.4,,15.42,15.5,15.4,,15.48,15.4,,,15.65,,
2017-04-18,15.55,15.42,15.6,15.5,,,15.58,15.4,,15.48,,,,15.7,,
2017-04-19,15.65,15.62,15.75,15.65,,15.62,15.73,,,15.7,15.7,,,15.8,,
2017-04-20,15.65,15.62,15.75,15.65,,15.62,15.68,15.6,,15.7,15.7,,,15.8,,
2017-04-21,15.7,15.62,15.75,15.7,,15.67,15.71,,,15.65,15.6,,,15.85,,
2017-04-22,,,,,,,,,,,,,,,,
2017-04-23,,,,,,,,,,,,,,,,
2017-04-24,,,,,,,,,,,,,,,,
2017-04-25,15.7,15.67,15.75,15.7,,15.67,15.72,15.6,,15.7,,,,15.85,,
2017-04-26,15.7,15.67,15.85,15.7,,15.72,15.8,15.6,,15.7,15.6,,,15.9,,
2017-04-27,15.75,15.72,15.8,15.6,,15.72,15.73,15.7,,15.7,15.6,,,15.8,,
2017-04-28,15.75,15.72,15.8,15.65,,15.67,15.73,15.6,,15.75,15.6,,,15.8,,
2017-04-29,,,,,,,,,,,,,,,,
2017-04-30,,,,,,,,,,,,,,,,
2017-05-01,,,,,,,,,,,,,,,,
2017-05-02,15.6,15.62,15.7,15.5,,15.57,15.63,15.5,,15.6,15.6,,,15.7,,
2017-05-03,15.55,15.52,15.6,15.5,,15.52,15.59,15.5,,,15.5,,,15.7,,
2017-05-04,15.65,15.67,15.7,15.6,,15.52,15.64,15.6,,15.6,15.5,,,15.75,,
2017-05-05,15.65,15.67,15.7,15.6,,15.57,15.64,15.5,,15.6,15.5,,,15.8,,
2017-05-06,,,,,,,,,,,,,,,,
2017-05-07,,,,,,,,,,,,,,,,
2017-05-08,15.75,15.67,15.75,,,,15.69,15.55,,15.65,15.5,,,15.85,,
2017-05-09,15.85,15.92,15.95,15.8,,15.72,15.81,15.7,,15.8,15.8,,,15.95,,
2017-05-10,15.85,15.87,15.9,15.8,,15.72,15.82,15.7,,15.8,15.7,,,15.95,,
2017-05-11,15.75,15.77,15.8,15.7,,15.67,15.75,15.65,,15.7,15.7,,,15.85,,
2017-05-12,15.7,15.72,15.75,15.7,,15.62,15.71,15.65,,15.7,,,,15.85,,
2017-05-13,,,,,,,,,,,,,,,,
2017-05-14,,,,,,,,,,,,,,,,
2017-05-15,15.7,15.72,15.85,15.7,,15.72,15.8,15.7,,15.8,15.7,,,15.95,,
2017-05-16,15.9,15.82,15.95,15.75,,15.82,15.88,15.8,,15.85,,,,16.0,,
2017-05-17,15.9,15.92,15.95,15.85,,15.82,15.89,15.8,,15.85,15.9,,,16.0,,
2017-05-18,16.3,16.27,16.25,16.2,,16.17,16.29,16.2,,16.3,16.2,,,16.3,,
2017-05-19,16.15,16.17,16.15,16.15,,16.17,16.29,16.2,,16.2,16.1,,,16.3,,
2017-05-20,,,,,,,,,,,,,,,,
2017-05-21,,,,,,,,,,,,,,,,
2017-05-22,16.4,16.37,16.45,16.3,,16.37,16.46,16.38,,16.25,,,,16.45,,
2017-05-23,16.35,16.32,16.35,16.3,,16.27,16.4,16.3,,16.35,16.3,,,16.35,,
2017-05-24,16.35,16.32,16.35,16.3,,16.32,16.33,16.3,,16.35,16.3,,,16.35,,
2017-05-25,,,,,,,,,,,,,,,,
2017-05-26,16.3,16.32,16.3,16.3,,16.22,16.3,16.2,,16.35,16.3,,,16.3,,
2017-05-27,,,,,,,,,,,,,,,,
2017-05-28,,,,,,,,,,,,,,,,
2017-05-29,16.3,16.27,16.3,16.3,,16.22,16.3,16.2,,16.35,16.3,,,16.3,,
2017-05-30,16.35,16.27,16.35,16.3,,16.32,16.38,16.35,,16.35,16.3,,,16.45,,
2017-05-31,16.45,16.37,16.4,16.3,,16.32,16.38,16.3,,16.4,16.4,,,16.35,,
2017-06-01,16.3,16.32,16.35,16.25,,16.27,16.32,16.25,,16.3,16.35,,,16.35,,
2017-06-02,16.3,16.32,16.35,16.25,,16.27,16.32,16.2,,16.3,,,,16.35,,
2017-06-03,,,,,,,,,,,,,,,,
2017-06-04,,,,,,,,,,,,,,,,
2017-06-05,16.3,16.27,16.35,16.2,,16.27,16.32,16.2,,,16.3,,,16.35,,
2017-06-06,16.3,16.27,16.3,16.15,,16.22,16.31,16.2,,16.2,16.3,,,16.3,,
2017-06-07,16.3,16.27,16.3,16.15,,16.22,16.29,16.2,,16.2,16.3,,,16.3,,
2017-06-08,16.25,16.27,16.25,16.1,,16.17,16.23,16.1,,16.2,16.25,,,16.25,,
2017-06-09,16.2,16.17,16.2,16.1,,16.12,16.16,16.1,,16.1,,,,16.2,,
2017-06-10,,,,,,,,,,,,,,,,
2017-06-11,,,,,,,,,,,,,,,,
2017-06-12,16.2,16.17,16.2,16.1,,16.17,16.2,16.1,,16.1,16.2,,,16.2,,
2017-06-13,16.2,16.17,16.2,16.1,,16.12,16.16,16.1,,16.1,16.2,,,16.2,,
2017-06-14,16.15,16.12,16.15,16.0,,16.07,16.14,16.05,,16.1,16.1,,,16.2,,
2017-06-15,16.15,16.17,16.25,16.1,,16.17,16.21,16.15,,16.05,16.2,,,16.3,,
2017-06-16,16.35,16.22,16.35,16.2,,16.22,16.31,16.15,,16.2,16.3,,,16.35,,
2017-06-17,,,,,,,,,,,,,,,,
2017-06-18,,,,,,,,,,,,,,,,
2017-06-19,16.4,16.27,16.4,16.25,,16.32,16.41,16.35,,16.3,,,,16.45,,
2017-06-20,,,,,,,,,,,,,,,,
2017-06-21,16.6,16.57,16.5,16.5,,16.47,16.48,16.45,,16.6,16.5,,,16.55,,
2017-06-22,16.45,16.47,16.45,16.4,,16.37,16.44,16.35,,16.45,16.55,,,16.45,,
2017-06-23,16.4,16.47,16.45,16.3,,16.37,,16.35,,16.45,16.4,,,16.5,,
2017-06-24,,,,,,,,,,,,,,,,
2017-06-25,,,,,,,,,,,,,,,,
2017-06-26,16.55,16.52,16.5,16.45,,16.47,16.56,16.5,,16.45,,,,16.6,,
2017-06-27,16.7,16.72,16.7,16.65,,16.57,16.66,16.6,,16.65,16.7,,,16.65,,
2017-06-28,16.65,16.62,16.65,16.6,,16.62,16.69,16.65,,16.55,,,,16.75,,
2017-06-29,16.8,16.72,16.75,16.6,,16.67,16.76,16.7,,16.7,16.7,,,16.8,,
2017-06-30,16.85,16.82,16.9,16.8,,16.77,16.92,16.8,,16.8,,,,16.95,,
2017-07-01,,,,,,,,,,,,,,,,
2017-07-02,,,,,,,,,,,,,,,,
2017-07-03,17.15,16.97,17.05,17.0,,16.97,17.09,17.0,,16.9,16.9,,,17.1,,
2017-07-04,17.25,17.07,17.2,17.1,,17.07,17.18,17.16,,17.15,17.1,,,17.2,,
2017-07-05,17.45,17.27,17.4,17.3,,17.3,17.43,17.37,,17.4,,,,17.4,,
2017-07-06,17.45,17.32,17.35,17.4,,17.32,17.43,17.33,,17.3,17.3,,,17.35,,
2017-07-07,17.35,17.27,17.35,17.2,,17.22,17.33,17.21,,17.2,17.25,,,17.35,,
2017-07-08,,,,,,,,,,,,,,,,
2017-07-09,,,,,,,,,,,,,,,,
2017-07-10,17.3,17.27,17.35,17.2,,17.22,17.33,17.18,,17.15,17.25,,,17.35,,
2017-07-11,17.35,17.27,17.35,17.2,,17.22,17.33,17.2,,17.25,,,,17.35,,
2017-07-12,17.3,17.27,17.3,17.25,,17.17,17.24,17.15,,17.15,17.25,,,17.35,,
2017-07-13,17.3,17.22,17.3,,,17.22,17.24,17.12,,17.15,17.25,,,17.35,,
2017-07-14,17.2,17.12,17.15,17.0,,17.02,17.14,17.02,,17.05,17.15,,,17.2,,
2017-07-15,,,,,,,,,,,,,,,,
2017-07-16,,,,,,,,,,,,,,,,
2017-07-17,,,,,,,,,,,,,,,,
2017-07-18,17.45,17.27,17.4,17.3,,17.27,17.38,17.37,,17.35,,,,17.4,,
2017-07-19,17.5,17.52,17.55,,,17.37,17.49,17.32,,17.45,17.4,,,17.5,,
2017-07-20,17.5,17.37,17.5,17.4,,17.37,17.52,17.37,,17.35,17.4,,,17.5,,
2017-07-21,17.7,17.67,17.65,17.6,,17.57,17.71,17.57,,17.5,17.6,,,17.7,,
2017-07-22,,,,,,,,,,,,,,,,
2017-07-23,,,,,,,,,,,,,,,,
2017-07-24,17.95,17.82,17.8,17.7,,17.72,17.75,17.62,,17.7,17.65,,,17.7,,
2017-07-25,17.5,17.62,17.7,17.65,,17.67,17.7,17.62,,17.6,17.7,,,17.75,,
2017-07-26,17.8,17.72,17.8,17.65,,17.72,17.8,17.67,,17.73,17.7,,,17.8,,
2017-07-27,17.9,17.77,17.85,17.75,,17.82,17.83,17.82,,17.78,,,,17.9,,
2017-07-28,18.05,18.03,18.05,17.9,,17.97,18.05,17.96,,17.95,18.0,,,18.0,,
2017-07-29,,,,,,,,,,,,,,,,
2017-07-30,,,,,,,,,,,,,,,,
2017-07-31,18.05,17.92,17.9,17.85,,17.87,17.94,17.82,,17.9,,,,17.95,,
2017-08-01,17.9,17.87,17.9,17.85,,17.77,17.86,17.755,,17.8,17.9,,,17.9,,
2017-08-02,17.9,17.82,17.85,17.75,,17.82,17.86,17.77,,17.85,17.85,,,17.9,,
2017-08-03,18.0,17.87,17.95,17.85,,17.92,17.98,17.82,,17.9,17.95,,,17.95,,
2017-08-04,18.0,17.92,17.95,17.85,,17.92,17.97,17.82,,17.95,17.95,,,17.95,,
2017-08-05,,,,,,,,,,,,,,,,
2017-08-06,,,,,,,,,,,,,,,,
2017-08-07,18.0,17.92,17.98,17.9,,17.87,18.02,17.87,,17.95,17.95,,,18.0,,
2017-08-08,18.0,17.97,17.98,17.9,,17.87,18.02,17.87,,18.0,17.95,,,18.0,,
2017-08-09,18.05,18.02,18.0,17.9,,17.87,18.02,17.87,,18.1,18.05,,,,,
2017-08-10,18.05,18.02,18.0,17.9,,17.97,18.02,17.87,,18.0,17.95,,,18.0,,
2017-08-11,18.0,17.97,18.0,18.1,,17.92,18.0,17.87,,18.0,17.95,,,18.0,,
2017-08-12,,,,,,,,,,,,,,,,
2017-08-13,,,,,,,,,,,,,,,,
2017-08-14,17.6,17.47,17.48,17.4,,17.32,17.46,17.32,,17.5,,,,17.5,,
2017-08-15,17.4,17.37,17.35,17.25,,17.27,17.38,17.22,,17.3,17.4,,,17.4,,
2017-08-16,17.55,17.37,17.5,17.45,,17.37,17.49,17.37,,17.45,17.45,,,17.5,,
2017-08-17,17.7,17.47,17.58,17.55,,17.47,17.65,17.52,,17.6,17.6,,,17.65,,
2017-08-18,17.65,17.62,17.55,17.5,,17.47,17.56,17.47,,17.6,17.6,,,17.55,,
2017-08-19,,,,,,,,,,,,,,,,
2017-08-20,,,,,,,,,,,,,,,,
2017-08-21,,,,,,,,,,,,,,,,
2017-08-22,17.55,17.47,17.5,17.5,,17.42,17.52,17.37,,17.5,17.6,,,17.5,,
2017-08-23,17.55,17.52,17.53,17.5,,17.47,17.54,17.42,,17.5,17.5,,,17.5,,
2017-08-24,17.5,17.47,17.45,17.5,,17.37,17.43,17.37,,17.5,17.5,,,17.5,,
2017-08-25,17.55,17.52,17.52,17.5,,17.42,,17.37,,17.45,17.5,,,17.5,,
2017-08-26,,,,,,,,,,,,,,,,
2017-08-27,,,,,,,,,,,,,,,,
2017-08-28,,17.52,17.52,17.5,,17.42,17.49,17.4,,17.55,17.6,,,17.5,,
2017-08-29,17.7,17.62,17.65,17.6,,17.57,17.68,17.57,,17.6,,,,17.65,,
2017-08-30,17.65,17.72,17.65,17.65,,17.57,17.68,17.57,,17.7,17.65,,,17.7,,
2017-08-31,17.7,17.62,17.62,17.55,,17.52,17.65,17.47,,17.7,17.6,,,17.6,,
2017-09-01,17.55,17.52,17.5,17.5,,17.47,17.54,17.37,,17.6,17.55,,,17.5,,
2017-09-02,,,,,,,,,,,,,,,,
2017-09-03,,,,,,,,,,,,,,,,
2017-09-04,17.55,17.52,17.58,17.5,,17.47,17.58,17.42,,17.6,17.6,,,17.6,,
2017-09-05,17.6,17.52,17.55,17.5,,17.47,17.54,17.42,,17.6,17.6,,,17.55,,
2017-09-06,17.55,17.52,17.5,17.5,,17.37,17.51,17.37,,17.5,17.55,,,17.5,,
2017-09-07,17.55,17.47,17.5,17.45,,17.37,17.51,17.37,,17.5,17.5,,,17.5,,
2017-09-08,17.55,17.47,17.5,17.45,,17.37,17.51,17.37,,17.5,17.45,,,17.5,,
2017-09-09,,,,,,,,,,,,,,,,
2017-09-10,,,,,,,,,,,,,,,,
2017-09-11,17.55,17.47,17.5,17.4,,17.37,17.51,17.32,,17.5,,,,17.45,,
2017-09-12,17.4,17.37,17.41,17.3,,17.27,17.41,17.27,,17.4,17.4,,,17.4,,
2017-09-13,,17.37,17.4,17.3,,17.27,17.36,17.22,,17.4,17.35,,,17.4,,
2017-09-14,,17.27,17.35,17.2,,17.22,17.29,17.17,,17.35,,,,17.35,,
2017-09-15,17.3,17.27,17.3,17.2,,17.17,17.29,17.17,,17.35,17.3,,,17.3,,
2017-09-16,,,,,,,,,,,,,,,,
2017-09-17,,,,,,,,,,,,,,,,
2017-09-18,17.4,17.32,17.35,17.3,,17.27,17.38,17.27,,17.3,,,,17.4,,
2017-09-19,17.5,17.42,17.4,17.4,,17.37,17.39,17.32,,17.45,17.4,,,17.45,,
2017-09-20,,17.42,17.45,17.4,,17.37,17.44,17.37,,17.4,17.4,,,17.45,,
2017-09-21,,17.57,17.6,17.6,,17.47,17.56,17.47,,17.5,17.6,,,17.6,,
2017-09-22,17.65,17.57,17.6,17.6,,17.52,17.6,17.47,,17.6,,,,17.6,,
2017-09-23,,,,,,,,,,,,,,,,
2017-09-24,,,,,,,,,,,,,,,,
2017-09-25,17.85,17.67,17.78,17.7,,17.62,17.78,17.67,,17.7,17.7,,,17.8,,
2017-09-26,17.9,17.87,17.85,,,17.77,17.85,17.77,,17.85,17.8,,,17.85,,
2017-09-27,17.85,17.82,17.85,17.75,,17.77,17.87,17.77,,17.8,,,,17.85,,
2017-09-28,17.85,17.82,17.8,17.75,,17.67,17.81,17.67,,17.8,17.8,,,17.8,,
2017-09-29,17.65,17.57,17.65,17.6,,17.52,17.61,17.47,,17.6,,,,17.65,,
2017-09-30,,,,,,,,,,,,,,,,
2017-10-01,,,,,,,,,,,,,,,,
2017-10-02,17.75,17.67,17.75,17.6,,17.57,,17.57,,17.65,17.6,,,17.75,,
2017-10-03,17.8,17.72,17.75,17.7,,17.57,17.73,17.57,,17.75,17.8,,,17.75,,
2017-10-04,17.7,17.62,17.7,17.6,,17.57,17.67,17.52,,17.65,17.65,,,17.65,,
2017-10-05,17.7,17.57,17.7,17.6,,17.57,17.67,17.57,,,17.65,,,17.7,,
2017-10-06,17.85,17.82,17.8,17.75,,17.62,17.75,17.62,,17.75,,,,17.8,,
2017-10-07,,,,,,,,,,,,,,,,
2017-10-08,,,,,,,,,,,,,,,,
2017-10-09,17.8,17.72,17.8,17.75,,17.67,17.79,17.67,,17.75,,,,17.8,,
2017-10-10,17.75,17.72,17.8,17.75,,17.62,17.74,17.62,,17.75,17.75,,,17.75,,
2017-10-11,17.75,17.72,,17.7,,17.62,17.74,17.62,,17.75,17.75,,,17.75,,
2017-10-12,17.75,17.72,17.75,17.7,,17.62,17.74,17.62,,17.75,17.7,,,17.75,,
2017-10-13,17.65,17.62,17.7,17.6,,17.57,17.66,17.52,,17.65,17.7,,,17.7,,
2017-10-14,,,,,,,,,,,,,,,,
2017-10-15,,,,,,,,,,,,,,,,
2017-10-16,,,,,,,,,,,,,,,,
2017-10-17,17.7,17.62,17.7,17.6,,17.57,17.66,17.52,,17.65,17.65,,,17.65,,
2017-10-18,17.65,17.62,17.65,17.6,,17.57,17.63,17.52,,17.65,17.65,,,17.65,,
2017-10-19,17.75,17.67,17.75,17.7,,17.62,17.76,17.62,,17.7,17.7,,,17.75,,
2017-10-20,17.8,17.72,17.8,17.7,,17.67,17.76,17.62,,17.8,17.75,,,17.75,,
2017-10-21,,,,,,,,,,,,,,,,
2017-10-22,,,,,,,,,,,,,,,,
2017-10-23,17.75,17.67,17.65,17.6,,17.57,17.67,17.57,,17.65,,,,17.7,,
2017-10-24,17.85,,17.8,17.7,,17.72,17.77,17.67,,17.75,,,,17.8,,
2017-10-25,17.8,17.67,17.75,17.7,,17.67,17.77,17.67,,17.75,17.75,,,17.8,,
2017-10-26,17.95,17.77,17.92,17.8,,17.84,17.92,17.82,,17.8,17.9,,,17.95,,
2017-10-27,18.0,17.92,17.92,,,17.87,17.92,17.82,,17.95,18.0,,,17.95,,
2017-10-28,,,,,,,,,,,,,,,,
2017-10-29,,,,,,,,,,,,,,,,
2017-10-30,18.0,17.87,18.0,17.95,,17.92,18.0,17.87,,17.95,17.9,,,18.0,,
2017-10-31,18.0,17.92,17.95,17.9,,,17.96,17.82,,17.95,17.95,,,17.95,,
2017-11-01,18.0,,17.95,17.9,,17.87,17.96,17.77,,18.0,17.95,,,17.95,,
2017-11-02,17.85,17.82,17.85,17.8,,17.77,17.86,17.72,,17.9,17.85,,,17.85,,
2017-11-03,17.95,17.77,17.95,17.9,,17.82,17.85,17.82,,17.85,17.85,,,17.95,,
2017-11-04,,,,,,,,,,,,,,,,
2017-11-05,,,,,,,,,,,,,,,,
2017-11-06,,,,,,,,,,,,,,,,
2017-11-07,18.0,17.87,17.95,17.9,,17.87,,17.82,,17.95,17.95,,,17.95,,
2017-11-08,17.9,17.87,,,,17.82,17.85,17.72,,17.85,,,,17.85,,
2017-11-09,17.85,17.77,17.86,17.8,,17.82,,17.72,,17.85,17.75,,,17.8,,
2017-11-10,17.85,17.72,17.82,17.8,,17.77,17.84,17.67,,17.8,17.75,,,17.8,,
2017-11-11,,,,,,,,,,,,,,,,
2017-11-12,,,,,,,,,,,,,,,,
2017-11-13,17.85,17.77,17.84,17.8,,17.77,17.84,17.67,,17.8,17.75,,,17.8,,
2017-11-14,17.8,17.67,17.8,17.75,,17.72,17.76,17.67,,17.75,,,,17.75,,
2017-11-15,17.85,17.77,17.85,17.75,,17.77,17.84,17.67,,17.8,17.8,,,17.8,,
2017-11-16,17.85,17.72,17.82,17.75,,17.77,17.8,17.67,,17.8,17.8,,,17.8,,
2017-11-17,17.8,17.72,17.79,17.75,,17.77,17.8,17.67,,17.8,,,,17.8,,
2017-11-18,,,,,,,,,,,,,,,,
2017-11-19,,,,,,,,,,,,,,,,
2017-11-20,,,,,,,,,,,,,,,,
2017-11-21,17.85,17.72,17.83,17.75,,17.77,17.81,17.67,,17.8,17.75,,,17.8,,
2017-11-22,,17.67,17.79,17.7,,17.67,17.76,17.62,,17.77,17.75,,,17.75,,
2017-11-23,,17.67,17.79,,,17.67,17.7,17.62,,17.72,,,,17.75,,
2017-11-24,17.7,17.62,17.68,17.7,,17.62,17.67,17.52,,17.72,17.7,,,17.7,,
2017-11-25,,,,,,,,,,,,,,,,
2017-11-26,,,,,,,,,,,,,,,,
2017-11-27,17.65,17.57,17.61,17.6,,17.57,17.61,17.47,,17.62,17.7,,,17.65,,
2017-11-28,17.65,17.57,17.66,17.6,,17.57,17.68,17.52,,17.57,17.6,,,17.7,,
2017-11-29,17.75,17.67,17.74,,,17.67,17.76,17.57,,,17.65,,,17.7,,
2017-11-30,17.7,17.62,17.68,17.7,,17.62,17.66,17.47,,17.68,17.75,,,17.6,,
2017-12-01,17.6,17.52,17.58,17.6,,17.52,17.58,17.42,,17.63,,,,17.55,,
2017-12-02,,,,,,,,,,,,,,,,
2017-12-03,,,,,,,,,,,,,,,,
2017-12-04,,17.52,17.62,17.5,,17.57,17.64,17.52,,17.58,,,,17.65,,
2017-12-05,17.7,17.57,17.66,17.6,,17.62,17.64,17.47,,17.7,17.7,,,17.65,,
2017-12-06,17.65,17.52,17.64,17.6,,17.62,17.64,17.42,,17.6,17.6,,,17.65,,
2017-12-07,17.65,17.57,17.65,17.7,,17.62,17.64,17.47,,17.6,,,,17.6,,
2017-12-08,,,,,,,,,,,,,,,,
2017-12-09,,,,,,,,,,,,,,,,
2017-12-10,,,,,,,,,,,,,,,,
2017-12-11,17.6,17.52,17.6,17.6,,17.57,17.59,17.42,,17.6,,,,17.6,,
2017-12-12,17.7,17.52,17.7,17.6,,17.62,17.72,17.52,,17.55,17.7,,,17.75,,
2017-12-13,,,,,,,,,,,,,,,,
2017-12-14,17.75,17.57,17.725,17.7,,17.67,17.74,17.57,,17.75,17.6,,,17.75,,
2017-12-15,17.85,17.82,17.86,,,17.82,17.85,17.67,,17.9,,,,17.8,,
2017-12-16,,,,,,,,,,,,,,,,
2017-12-17,,,,,,,,,,,,,,,,
2017-12-18,17.9,17.82,17.88,17.8,,17.87,17.89,17.72,,17.9,17.8,,,17.95,,
2017-12-19,18.0,17.92,18.0,17.9,,17.92,17.97,17.87,,17.95,17.8,,,18.0,,
2017-12-20,18.05,18.02,18.1,,,18.02,18.05,17.92,,18.05,,,,18.05,,
2017-12-21,18.25,18.17,18.32,18.1,,18.17,18.26,18.07,,18.22,,,,18.3,,
2017-12-22,18.35,18.32,18.39,18.3,,18.32,18.36,18.27,,18.32,18.3,,,18.35,,
2017-12-23,,,,,,,,,,,,,,,,
2017-12-24,,,,,,,,,,,,,,,,
2017-12-25,,,,,,,,,,,,,,,,
2017-12-26,18.65,18.57,18.65,18.5,,18.57,18.62,18.52,,18.6,18.55,,,18.65,,
2017-12-27,18.85,18.77,18.84,18.7,,18.77,18.81,18.67,,18.75,18.8,,,18.8,,
2017-12-28,19.55,19.22,19.55,19.35,,19.27,19.5,19.42,,19.5,19.2,,,19.5,,
2017-12-29,18.95,18.92,18.95,18.9,,18.92,18.89,18.87,,18.9,18.9,,,18.95,,
2017-12-30,,,,,,,,,,,,,,,,
2017-12-31,,,,,,,,,,,,,,,,
2018-01-01,,,,,,,,,,,,,,,,
2018-01-02,18.8,18.72,18.75,18.7,,18.72,18.7,18.62,,18.75,18.7,,,18.8,,
2018-01-03,18.85,18.72,18.8,18.7,,18.72,18.78,18.67,,18.8,18.7,,,18.85,,
2018-01-04,19.0,18.92,18.95,18.85,,18.92,18.93,18.87,,18.95,18.9,,,19.05,,
2018-01-05,19.35,19.32,19.3,19.2,,19.27,19.23,18.97,,,,,,19.2,,
2018-01-06,,,,,,,,,,,,,,,,
2018-01-07,,,,,,,,,,,,,,,,
2018-01-08,19.4,19.42,19.35,19.3,,19.32,19.33,19.27,,19.4,19.3,,,19.35,,
2018-01-09,19.3,19.37,19.35,19.3,,19.27,19.3,19.17,,19.3,19.3,,,19.3,,
2018-01-10,19.05,19.07,19.0,18.9,,18.97,18.99,18.82,,19.05,19.0,,,18.95,,
2018-01-11,19.05,18.97,19.0,18.9,,18.97,19.04,18.92,,18.95,18.85,,,19.05,,
2018-01-12,19.1,19.07,19.05,18.95,,18.97,19.0,18.92,,19.0,19.0,,,19.0,,
2018-01-13,,,,,,,,,,,,,,,,
2018-01-14,,,,,,,,,,,,,,,,
2018-01-15,19.15,18.97,19.07,18.95,,,19.04,18.97,,19.0,19.0,,,19.1,,
2018-01-16,19.25,19.17,,,,19.17,19.19,19.12,,19.15,19.2,,,19.2,,
2018-01-17,19.3,19.17,19.21,19.1,,19.17,19.19,19.07,,19.3,,,,19.2,,
2018-01-18,19.25,19.12,,19.15,,19.12,19.13,19.07,,19.15,19.15,,,19.15,,
2018-01-19,19.35,19.27,19.3,19.25,,19.27,19.29,19.22,,19.3,19.3,,,19.3,,
2018-01-20,,,,,,,,,,,,,,,,
2018-01-21,,,,,,,,,,,,,,,,
2018-01-22,19.5,19.42,19.48,19.35,,19.42,19.44,19.32,,19.3,19.45,,,19.45,,
2018-01-23,19.7,19.63,19.68,19.5,,19.62,19.64,,,19.65,19.65,,,19.7,,
2018-01-24,20.05,19.82,19.94,19.8,,19.92,19.91,19.87,,19.95,,,,19.95,,
2018-01-25,19.9,19.77,19.9,19.75,,19.82,19.89,19.77,,19.8,19.9,,,19.9,,
2018-01-26,19.9,19.83,19.88,19.75,,19.77,19.84,19.77,,19.8,19.9,,,19.9,,
2018-01-27,,,,,,,,,,,,,,,,
2018-01-28,,,,,,,,,,,,,,,,
2018-01-29,19.95,19.87,19.92,19.8,,19.87,19.89,19.77,,19.9,19.9,,,19.9,,
2018-01-30,20.0,19.92,19.95,19.8,,19.87,19.93,19.77,,19.9,19.9,,,19.9,,
2018-01-31,20.0,19.97,19.95,19.9,,19.87,19.98,19.87,,19.95,19.95,,,19.9,,
2018-02-01,19.75,19.77,19.7,19.65,,19.67,19.72,19.62,,19.75,19.75,,,19.7,,
2018-02-02,19.85,19.82,19.83,19.75,,19.82,19.84,19.72,,19.8,19.85,,,19.8,,
2018-02-03,,,,,,,,,,,,,,,,
2018-02-04,,,,,,,,,,,,,,,,
2018-02-05,19.85,19.82,19.78,19.75,,19.77,19.79,19.72,,19.8,,,,19.8,,
2018-02-06,20.05,19.97,19.92,19.8,,19.95,19.93,19.82,,19.95,19.99,,,19.95,,
2018-02-07,20.05,19.97,19.99,19.8,,19.95,19.99,19.87,,19.95,,,,19.95,,
2018-02-08,20.25,20.17,20.3,20.2,,20.17,20.21,20.17,,20.2,20.1,,,20.25,,
2018-02-09,20.45,20.42,20.35,,,20.32,20.38,20.22,,20.4,,,,20.35,,
2018-02-10,,,,,,,,,,,,,,,,
2018-02-11,,,,,,,,,,,,,,,,
2018-02-12,,,,,,,,,,,,,,,,
2018-02-13,,,,,,,,,,,,,,,,
2018-02-14,20.3,20.32,20.25,20.4,,20.17,20.24,20.12,,20.25,,,,20.2,,
2018-02-15,20.1,20.07,19.98,19.9,,19.97,20.04,19.92,,20.15,,,,20.05,,
2018-02-16,,,,,,,,,,,,,,,,
2018-02-17,,,,,,,,,,,,,,,,
2018-02-18,,,,,,,,,,,,,,,,
2018-02-19,20.25,20.12,20.18,20.15,,20.17,20.19,20.12,,20.05,20.2,,,20.2,,
2018-02-20,20.25,20.27,20.18,20.1,,20.17,20.14,20.07,,20.2,20.2,,,20.2,,
2018-02-21,20.3,20.27,20.2,20.2,,20.17,20.24,20.12,,20.2,20.15,,,20.2,,
2018-02-22,20.35,20.27,20.27,20.2,,20.27,20.29,20.17,,20.2,20.25,,,20.3,,
2018-02-23,20.35,20.32,20.27,20.2,,20.27,20.29,20.17,,20.3,20.25,,,20.3,,
2018-02-24,,,,,,,,,,,,,,,,
2018-02-25,,,,,,,,,,,,,,,,
2018-02-26,20.55,20.47,20.5,20.45,,20.42,20.44,20.42,,20.5,,,,20.5,,
2018-02-27,20.6,20.47,20.5,20.45,,20.42,20.44,20.42,,20.5,20.5,,,20.5,,
2018-02-28,20.5,20.47,20.39,20.35,,20.37,20.39,20.32,,20.4,20.5,,,20.45,,
2018-03-01,20.55,20.5,20.49,20.35,,20.42,20.49,20.37,,20.5,20.5,,,20.45,,
2018-03-02,20.6,20.55,20.59,20.4,,20.52,20.59,20.47,,20.5,20.5,,,20.55,,
2018-03-03,,,,,,,,,,,,,,,,
2018-03-04,,,,,,,,,,,,,,,,
2018-03-05,20.6,20.55,20.52,20.5,,20.52,20.54,20.42,,20.55,,,,20.5,,
2018-03-06,20.65,20.6,20.635,20.6,,20.57,20.64,20.57,,20.55,,,,20.6,,
2018-03-07,20.7,20.7,20.72,20.7,,20.67,20.74,20.62,,20.7,,,,20.7,,
2018-03-08,20.75,20.7,20.69,20.6,,20.67,20.69,20.62,,20.7,20.7,,,20.65,,
2018-03-09,20.6,20.55,20.55,20.5,,20.52,20.54,20.47,,20.55,20.55,,,20.55,,
2018-03-10,,,,,,,,,,,,,,,,
2018-03-11,,,,,,,,,,,,,,,,
2018-03-12,20.55,20.55,20.55,20.45,,20.47,20.54,20.42,,20.55,20.55,,,20.5,,
2018-03-13,20.55,20.5,,20.4,,20.47,20.54,20.42,,20.5,20.5,,,20.55,,
2018-03-14,20.6,20.55,20.53,20.4,,20.52,20.54,20.42,,20.45,20.55,,,20.55,,
2018-03-15,20.65,20.55,20.65,20.55,,20.57,20.64,20.57,,20.6,20.55,,,20.6,,
2018-03-16,20.65,20.55,20.55,20.45,,20.57,20.54,20.42,,20.6,20.55,,,20.5,,
2018-03-17,,,,,,,,,,,,,,,,
2018-03-18,,,,,,,,,,,,,,,,
2018-03-19,20.6,20.6,20.59,20.45,,20.52,20.59,20.42,,20.55,20.5,,,20.55,,
2018-03-20,20.6,20.55,,20.45,,20.52,20.59,20.47,,20.55,20.5,,,20.55,,
2018-03-21,20.65,20.6,20.59,20.55,,20.57,20.64,,,20.6,20.55,,,20.55,,
2018-03-22,20.65,20.6,20.59,20.55,,20.57,20.59,20.47,,20.6,20.55,,,20.55,,
2018-03-23,20.55,20.55,20.51,,,20.47,20.51,20.42,,20.55,20.5,,,20.5,,
2018-03-24,,,,,,,,,,,,,,,,
2018-03-25,,,,,,,,,,,,,,,,
2018-03-26,,20.45,20.51,,,20.47,20.51,20.42,,20.5,20.5,,,20.45,,
2018-03-27,20.55,20.45,20.51,20.45,,20.47,,20.42,,20.5,20.5,,,20.45,,
2018-03-28,20.5,20.45,20.46,20.4,,20.42,20.47,20.37,,20.45,20.4,,,20.45,,
2018-03-29,,,,,,,,,,,,,,,,
2018-03-30,,,,,,,,,,,,,,,,
2018-03-31,,,,,,,,,,,,,,,,
2018-04-01,,,,,,,,,,,,,,,,
2018-04-02,,,,,,,,,,,,,,,,
2018-04-03,,20.45,20.46,20.4,,20.42,20.47,20.37,,20.45,20.4,,,20.45,,
2018-04-04,20.55,20.5,20.51,20.4,,20.47,20.51,20.42,,20.45,,,,20.5,,
2018-04-05,20.55,20.5,20.51,,,20.47,,20.42,,20.45,20.5,,,20.5,,
2018-04-06,20.55,20.5,20.51,20.4,,20.47,20.51,20.42,,20.5,20.5,,,20.5,,
2018-04-07,,,,,,,,,,,,,,,,
2018-04-08,,,,,,,,,,,,,,,,
2018-04-09,20.55,20.5,20.51,20.45,,20.47,20.51,20.42,,20.5,20.5,,,20.5,,
2018-04-10,20.55,20.5,20.51,20.45,,20.47,20.51,20.42,,20.5,20.5,,,20.5,,
2018-04-11,20.55,20.5,20.51,20.45,,20.47,20.51,20.37,,20.3,20.45,,,20.45,,
2018-04-12,20.55,20.5,20.51,20.45,,20.47,20.54,20.42,,20.4,20.45,,,20.45,,
2018-04-13,20.55,20.5,20.51,20.45,,20.47,20.51,20.42,,20.5,20.5,,,20.5,,
2018-04-14,,,,,,,,,,,,,,,,
2018-04-15,,,,,,,,,,,,,,,,
2018-04-16,20.6,20.5,20.51,20.5,,20.47,20.51,20.42,,20.5,20.5,,,20.5,,
2018-04-17,20.55,20.5,20.51,20.5,,20.47,20.48,20.42,,20.5,20.5,,,20.45,,
2018-04-18,20.5,20.45,20.47,20.4,,20.42,20.43,20.42,,20.45,,,,20.4,,
2018-04-19,20.5,20.45,20.47,20.4,,20.47,,20.37,,20.45,20.5,,,20.5,,
2018-04-20,20.55,20.45,20.51,20.4,,20.47,20.43,20.42,,20.45,,,,20.5,,
2018-04-21,,,,,,,,,,,,,,,,
2018-04-22,,,,,,,,,,,,,,,,
2018-04-23,20.55,20.5,20.51,20.5,,20.52,20.48,20.47,,20.5,20.5,,,20.5,,
2018-04-24,20.6,20.55,20.51,20.5,,20.52,20.5,20.47,,20.5,20.55,,,20.55,,
2018-04-25,20.6,20.55,20.56,20.6,,20.52,20.5,20.47,,20.6,20.6,,,20.55,,
2018-04-26,20.85,20.8,20.85,20.8,,20.82,20.81,20.77,,20.8,20.85,,,20.9,,
2018-04-27,21.0,20.9,20.85,,,20.87,20.89,20.77,,20.85,21.0,,,20.85,,
2018-04-28,,,,,,,,,,,,,,,,
2018-04-29,,,,,,,,,,,,,,,,
2018-04-30,,,,,,,,,,,,,,,,
2018-05-01,,,,,,,,,,,,,,,,
2018-05-02,21.7,21.45,21.58,21.5,,21.47,21.58,21.42,,21.7,21.4,,,21.45,,
2018-05-03,23.1,22.25,23.3,,,22.77,22.83,23.27,,22.8,22.5,,,,,
2018-05-04,22.35,22.25,22.1,22.0,,22.17,22.29,22.17,,22.25,22.3,,,22.4,,
2018-05-05,,,,,,,,,,,,,,,,
2018-05-06,,,,,,,,,,,,,,,,
2018-05-07,22.4,22.35,22.3,22.2,,22.27,22.39,22.27,,22.25,22.2,,,22.35,,
2018-05-08,22.9,23.05,22.9,22.8,,22.87,22.89,22.77,,23.0,23.0,,,22.95,,
2018-05-09,23.2,22.95,,23.0,,23.07,23.19,23.07,,23.0,23.0,,,23.15,,
2018-05-10,23.4,23.15,23.2,23.0,,23.07,23.19,23.07,,23.05,23.3,,,23.3,,
2018-05-11,24.1,23.65,23.75,23.5,,23.97,23.69,23.67,,23.6,23.5,,,23.6,,
2018-05-12,,,,,,,,,,,,,,,,
2018-05-13,,,,,,,,,,,,,,,,
2018-05-14,25.8,25.55,25.5,25.4,,25.37,25.49,25.27,,25.3,25.75,,,25.5,,
2018-05-15,24.9,24.65,24.6,24.5,,24.57,24.59,24.47,,24.5,24.5,,,24.85,,
2018-05-16,25.2,24.7,24.85,24.6,,24.77,24.79,24.77,,24.5,24.5,,,24.7,,
2018-05-17,25.2,24.85,24.95,24.7,,24.87,24.89,24.77,,24.9,24.75,,,24.8,,
2018-05-18,25.2,25.05,25.15,24.9,,25.17,25.14,24.87,,25.1,,,,25.0,,
2018-05-19,,,,,,,,,,,,,,,,
2018-05-20,,,,,,,,,,,,,,,,
2018-05-21,25.0,24.85,24.95,,,24.97,24.94,24.87,,24.75,24.75,,,24.8,,
2018-05-22,25.0,24.8,24.95,24.6,,24.87,24.94,24.77,,24.9,24.85,,,24.8,,
2018-05-23,25.2,25.0,25.1,24.8,,25.07,25.09,24.87,,25.0,24.85,,,24.9,,
2018-05-24,25.3,25.15,25.15,25.0,,25.17,25.14,,,25.0,25.0,,,25.15,,
2018-05-25,,,,,,,,,,,,,,,,
2018-05-26,,,,,,,,,,,,,,,,
2018-05-27,,,,,,,,,,,,,,,,
2018-05-28,25.4,25.25,25.25,25.1,,25.27,25.29,25.17,,25.15,25.0,,,25.25,,
2018-05-29,25.7,25.4,25.5,25.3,,25.47,25.49,25.37,,25.45,25.3,,,25.45,,
2018-05-30,25.7,25.45,25.5,25.4,,25.47,25.49,25.37,,25.45,25.3,,,25.5,,
2018-05-31,,25.55,25.55,25.4,,25.57,25.54,25.37,,25.55,25.4,,,25.6,,
2018-06-01,25.75,25.6,25.55,,,25.57,25.54,25.37,,25.55,25.5,,,25.6,,
2018-06-02,,,,,,,,,,,,,,,,
2018-06-03,,,,,,,,,,,,,,,,
2018-06-04,25.7,25.55,25.55,25.5,,25.57,25.54,25.37,,25.55,25.5,,,25.6,,
2018-06-05,25.7,25.55,25.55,25.4,,25.57,25.54,25.37,,25.55,25.5,,,25.6,,
2018-06-06,25.65,25.45,25.45,25.4,,25.47,25.49,25.37,,25.45,25.5,,,25.4,,
2018-06-07,25.75,25.45,25.55,25.5,,25.57,25.54,25.37,,25.45,25.5,,,25.5,,
2018-06-08,26.1,25.85,26.1,25.8,,25.97,26.09,25.77,,26.05,26.0,,,25.9,,
2018-06-09,,,,,,,,,,,,,,,,
2018-06-10,,,,,,,,,,,,,,,,
2018-06-11,26.8,26.25,26.5,26.4,,26.37,26.45,26.47,,26.5,26.0,,,26.25,,
2018-06-12,26.5,26.35,26.5,26.1,,26.37,26.44,26.27,,26.3,26.5,,,26.4,,
2018-06-13,27.0,26.65,26.8,26.8,,26.77,26.59,26.47,,26.05,26.7,,,26.7,,
2018-06-14,28.8,28.35,28.5,28.6,,28.37,28.19,28.17,,28.3,28.4,,,28.4,,
2018-06-15,29.3,28.75,28.7,28.9,,28.97,28.69,28.77,,28.75,28.7,,,28.75,,
2018-06-16,,,,,,,,,,,,,,,,
2018-06-17,,,,,,,,,,,,,,,,
2018-06-18,28.7,28.15,28.4,28.5,,28.37,28.39,28.07,,28.5,28.7,,,28.45,,
2018-06-19,28.8,28.35,28.5,28.5,,28.37,28.49,28.17,,28.4,28.5,,,28.45,,
2018-06-20,,,,,,,,,,,,,,,,
2018-06-21,28.5,28.15,28.1,28.1,,28.17,28.24,27.97,,,28.2,,,28.15,,
2018-06-22,28.1,27.75,27.75,27.7,,27.77,27.74,27.47,,27.6,27.6,,,27.85,,
2018-06-23,,,,,,,,,,,,,,,,
2018-06-24,,,,,,,,,,,,,,,,
2018-06-25,27.9,,27.75,27.5,,27.67,27.74,27.47,,27.6,27.6,,,27.65,,
2018-06-26,28.1,27.65,27.75,27.6,,27.67,27.74,27.57,,27.7,27.6,,,27.65,,
2018-06-27,28.4,27.95,28.0,28.1,,27.97,27.99,27.87,,28.0,27.8,,,28.05,,
2018-06-28,29.0,28.55,28.75,28.7,,28.67,28.69,28.57,,28.65,28.5,,,28.6,,
2018-06-29,,29.55,29.7,29.5,,29.67,29.69,29.37,,29.85,29.95,,,29.5,,
2018-06-30,,,,,,,,,,,,,,,,
2018-07-01,,,,,,,,,,,,,,,,
2018-07-02,29.3,29.05,29.25,29.0,,29.17,29.24,28.75,,28.9,29.2,,,28.95,,
2018-07-03,29.0,28.65,28.9,,,28.77,28.89,28.25,,28.4,28.4,,,28.75,,
2018-07-04,29.0,28.65,28.9,28.9,,28.77,28.89,28.55,,28.6,28.7,,,28.75,,
2018-07-05,29.0,28.75,28.9,28.9,,28.77,28.79,28.45,,28.85,28.6,,,28.75,,
2018-07-06,28.9,28.55,28.7,28.7,,28.57,28.69,28.35,,28.6,28.7,,,28.55,,
2018-07-07,,,,,,,,,,,,,,,,
2018-07-08,,,,,,,,,,,,,,,,
2018-07-09,,,,,,,,,,,,,,,,
2018-07-10,28.3,28.05,28.0,28.1,,27.97,28.0,27.75,,28.15,28.2,,,28.1,,
2018-07-11,28.5,28.15,28.2,28.2,,28.17,28.2,27.85,,28.1,28.1,,,28.3,,
2018-07-12,28.1,27.75,27.9,27.9,,27.87,27.89,27.85,,27.6,27.9,,,27.95,,
2018-07-13,28.2,27.85,28.0,28.0,,27.97,27.99,27.65,,27.9,27.9,,,27.95,,
2018-07-14,,,,,,,,,,,,,,,,
2018-07-15,,,,,,,,,,,,,,,,
2018-07-16,28.2,27.95,28.0,28.1,,27.97,28.09,27.75,,27.9,27.85,,,28.0,,
2018-07-17,28.4,28.15,28.2,28.3,,28.17,28.19,27.95,,28.05,28.05,,,28.1,,
2018-07-18,28.6,28.25,28.4,28.4,,28.27,28.29,28.05,,28.3,28.15,,,28.4,,
2018-07-19,,28.35,28.5,28.5,,28.37,28.39,28.15,,28.3,28.35,,,28.4,,
2018-07-20,28.5,28.25,28.3,28.4,,28.27,28.29,28.05,,28.3,28.3,,,28.2,,
2018-07-21,,,,,,,,,,,,,,,,
2018-07-22,,,,,,,,,,,,,,,,
2018-07-23,28.4,28.25,28.3,28.3,,28.27,28.29,28.05,,28.3,28.2,,,28.3,,
2018-07-24,28.3,28.05,28.2,,,28.17,28.19,27.95,,28.05,28.1,,,28.1,,
2018-07-25,28.2,28.0,28.1,28.0,,28.07,28.09,27.85,,27.9,28.1,,,28.0,,
2018-07-26,28.2,28.05,28.1,28.1,,28.07,28.09,27.85,,27.9,28.1,,,28.0,,
2018-07-27,28.1,27.95,,28.0,,27.97,27.99,27.85,,28.1,28.1,,,28.0,,
2018-07-28,,,,,,,,,,,,,,,,
2018-07-29,,,,,,,,,,,,,,,,
2018-07-30,28.05,27.85,,28.0,,27.97,27.99,,,28.0,28.1,,,28.0,,
2018-07-31,28.2,27.85,28.0,28.05,,27.97,27.99,27.85,,28.0,28.1,,,28.05,,
2018-08-01,28.3,28.05,28.2,28.3,,28.27,28.29,27.95,,28.3,28.1,,,28.35,,
2018-08-02,28.25,28.15,28.2,28.2,,28.17,28.19,27.95,,28.25,28.2,,,28.2,,
2018-08-03,28.1,27.95,28.1,28.0,,28.07,28.09,27.75,,27.95,28.1,,,28.05,,
2018-08-04,,,,,,,,,,,,,,,,
2018-08-05,,,,,,,,,,,,,,,,
2018-08-06,28.2,27.95,28.1,28.0,,28.07,28.09,27.85,,28.0,28.1,,,28.05,,
2018-08-07,28.2,27.95,,28.1,,27.97,28.09,27.85,,27.8,28.0,,,28.05,,
2018-08-08,28.4,28.15,28.3,28.3,,28.27,28.29,28.05,,28.15,28.1,,,28.25,,
2018-08-09,28.9,28.65,28.8,28.8,,28.77,28.79,28.55,,28.7,28.7,,,28.55,,
2018-08-10,29.99,29.85,29.9,29.9,,29.97,29.89,29.65,,29.7,30.0,,,29.65,,
2018-08-11,,,,,,,,,,,,,,,,
2018-08-12,,,,,,,,,,,,,,,,
2018-08-13,30.9,30.55,30.7,30.8,,30.67,30.69,30.45,,30.7,30.65,,,30.7,,
2018-08-14,30.8,30.25,30.5,30.4,,30.57,30.49,30.05,,30.0,30.55,,,30.3,,
2018-08-15,30.8,30.65,30.8,30.8,,30.67,30.79,30.45,,30.8,30.8,,,30.6,,
2018-08-16,30.4,30.45,30.6,30.6,,30.47,30.49,30.25,,30.4,30.7,,,30.2,,
2018-08-17,30.6,30.45,30.5,30.5,,30.47,30.49,30.25,,30.35,30.7,,,30.3,,
2018-08-18,,,,,,,,,,,,,,,,
2018-08-19,,,,,,,,,,,,,,,,
2018-08-20,,,,,,,,,,,,,,,,
2018-08-21,30.7,30.55,30.6,30.7,,30.57,30.59,30.45,,30.6,30.55,,,30.4,,
2018-08-22,30.95,30.85,30.9,30.95,,30.87,30.89,30.65,,30.8,30.8,,,30.75,,
2018-08-23,30.99,30.95,30.95,31.2,,30.92,30.94,30.95,,,30.95,,,30.95,,
2018-08-24,31.5,31.55,31.6,31.6,,31.57,31.59,31.25,,31.45,31.1,,,31.55,,
2018-08-25,,,,,,,,,,,,,,,,
2018-08-26,,,,,,,,,,,,,,,,
2018-08-27,31.65,31.55,31.6,31.6,,31.57,31.59,31.35,,31.55,31.5,,,31.55,,
2018-08-28,32.4,32.05,32.1,32.1,,31.97,32.09,31.85,,32.0,31.95,,,32.0,,
2018-08-29,34.7,34.45,34.5,35.1,,34.22,34.49,34.45,,34.3,34.25,,,34.0,,
2018-08-30,39.5,39.45,40.0,40.1,,39.22,40.99,38.15,,40.5,41.0,,,40.0,,
2018-08-31,37.5,37.8,38.2,38.1,,37.47,38.49,37.35,,38.5,38.0,,,38.5,,
2018-09-01,,,,,,,,,,,,,,,,
2018-09-02,,,,,,,,,,,,,,,,
2018-09-03,39.0,39.3,39.5,38.8,,38.97,39.49,37.95,,39.5,39.5,,,39.25,,38.4
2018-09-04,39.5,39.6,40.0,39.8,,39.47,39.99,39.45,,40.0,40.0,,,39.5,,39.25
2018-09-05,39.3,39.2,39.5,39.5,,39.22,39.49,38.95,,39.5,39.5,,,39.0,,38.8
2018-09-06,38.3,38.3,38.5,,,38.17,38.44,37.95,,38.75,39.0,,,38.25,,
2018-09-07,37.8,37.8,37.75,37.9,,37.57,37.74,37.55,,37.8,38.0,,,38.0,,37.25
2018-09-08,,,,,,,,,,,,,,,,
2018-09-09,,,,,,,,,,,,,,,,
2018-09-10,38.2,38.1,38.35,38.2,,38.07,38.34,37.95,,38.2,38.0,,,38.25,,
2018-09-11,39.0,38.8,38.75,38.7,,38.67,38.74,38.45,,38.8,38.4,,,38.75,,38.2
2018-09-12,39.5,39.2,38.95,39.1,,38.87,38.94,38.75,,39.0,39.0,,,39.25,,38.4
2018-09-13,40.3,40.3,40.25,40.6,,40.17,40.24,40.05,,40.3,40.75,,,40.0,,39.85
2018-09-14,40.6,40.6,40.6,40.6,,40.37,40.59,40.25,,40.5,40.65,,,40.5,,40.15
2018-09-15,,,,,,,,,,,,,,,,
2018-09-16,,,,,,,,,,,,,,,,
2018-09-17,40.4,40.5,40.65,40.5,,40.37,40.44,40.15,,40.5,40.45,,,40.5,,39.85
2018-09-18,40.7,40.6,,40.7,,40.47,40.44,40.25,,,40.45,,,40.5,,40.2
2018-09-19,40.3,40.0,40.2,40.2,,40.17,40.19,39.75,,40.0,40.1,,,40.25,,39.7
2018-09-20,39.2,39.1,39.1,39.0,,38.97,38.84,38.75,,39.3,38.75,,,39.0,,38.5
2018-09-21,38.6,38.1,38.05,38.0,,37.97,38.04,37.75,,38.0,38.25,,,38.25,,37.75
2018-09-22,,,,,,,,,,,,,,,,
2018-09-23,,,,,,,,,,,,,,,,
2018-09-24,38.3,38.2,38.05,38.0,,37.97,38.04,37.85,,38.1,38.2,,,38.5,,37.65
2018-09-25,39.1,,38.8,,,38.77,38.79,38.55,,39.0,39.0,,,39.0,,38.45
2018-09-26,39.8,39.6,39.4,39.5,,39.37,39.39,39.15,,39.8,40.0,,,39.25,,38.85
2018-09-27,40.5,40.4,40.55,40.5,,40.47,40.54,40.55,,40.8,40.5,,,40.5,,40.1
2018-09-28,41.5,41.9,42.05,42.0,,41.97,42.04,42.05,,42.0,41.8,,,41.75,,41.5
2018-09-29,,,,,,,,,,,,,,,,
2018-09-30,,,,,,,,,,,,,,,,
2018-10-01,40.4,40.7,40.4,40.7,,40.67,40.64,40.45,40.07,41.25,41.35,,,41.0,,39.95
2018-10-02,39.0,39.0,39.0,38.8,,38.97,38.74,38.95,38.43,39.0,39.2,,,39.5,,38.48
2018-10-03,38.8,38.88,38.8,38.6,,38.77,38.64,38.55,38.15,39.0,38.9,,,38.75,,38.07
2018-10-04,39.4,39.35,39.5,,,39.37,39.49,39.15,38.92,39.9,39.6,,,39.5,,39.0
2018-10-05,39.1,39.0,38.8,38.9,,38.97,38.79,38.65,38.39,38.9,39.15,,,39.0,,38.35
2018-10-06,,,,,,,,,,,,,,,,
2018-10-07,,,,,,,,,,,,,,,,
2018-10-08,38.5,38.5,38.5,38.5,,38.47,38.49,38.35,38.0,38.7,38.7,,,38.75,,38.0
2018-10-09,38.2,38.1,38.3,38.1,,38.27,38.29,37.95,37.74,38.0,38.35,,,38.25,,37.85
2018-10-10,38.2,38.1,38.15,38.1,,38.17,38.15,38.05,37.78,38.3,38.25,,,38.25,,37.75
2018-10-11,38.0,37.7,37.6,37.6,,37.77,37.59,37.45,37.22,37.6,38.2,,,38.0,,37.25
2018-10-12,37.9,37.4,37.8,37.6,,37.67,37.69,37.55,37.3,37.0,37.5,,,37.5,,37.1
2018-10-13,,,,,,,,,,,,,,,,
2018-10-14,,,,,,,,,,,,,,,,
2018-10-15,,,,,,,,,,,,,,,,
2018-10-16,37.1,37.0,37.0,36.9,,37.07,36.99,36.85,36.67,37.5,37.6,,,37.25,,36.6
2018-10-17,37.4,37.4,37.5,37.2,,37.37,37.44,37.05,36.89,37.2,37.4,,,37.25,,36.75
2018-10-18,37.7,37.5,37.6,37.3,,37.57,37.39,37.45,37.24,37.6,37.25,,,37.5,,37.0
2018-10-19,37.8,37.4,37.6,37.5,,37.47,37.44,37.45,37.14,37.6,37.35,,,37.5,,36.9
2018-10-20,,,,,,,,,,,,,,,,
2018-10-21,,,,,,,,,,,,,,,,
2018-10-22,37.6,37.5,37.4,37.3,,37.47,37.29,37.25,37.08,37.3,37.6,,,37.5,,37.0
2018-10-23,37.6,37.6,37.6,37.6,,37.77,37.59,37.45,37.23,37.8,37.8,,,37.5,,37.1
2018-10-24,38.4,37.9,38.0,37.9,,37.87,37.61,37.85,37.49,37.8,37.5,,,37.75,,37.2
2018-10-25,,37.7,37.9,37.7,,37.87,37.89,37.65,37.3,38.0,37.75,,,37.75,,37.3
2018-10-26,38.0,37.8,37.8,37.9,,37.97,,37.75,37.33,37.8,37.95,,,37.75,,37.3
2018-10-27,,,,,,,,,,,,,,,,
2018-10-28,,,,,,,,,,,,,,,,
2018-10-29,37.8,37.6,37.8,37.7,,37.77,37.79,37.75,37.33,37.8,37.7,,,37.75,,37.3
2018-10-30,37.9,37.6,37.8,37.7,,37.77,37.79,37.75,37.13,38.0,37.75,,,37.75,,37.25
2018-10-31,37.0,36.9,37.0,37.0,,36.97,36.79,36.75,36.34,37.0,37.1,,,37.25,,36.5
2018-11-01,36.9,36.6,36.7,36.6,,36.77,36.69,36.55,36.1,36.5,37.0,,,37.0,,36.15
2018-11-02,36.8,36.5,36.7,36.5,,36.57,36.69,36.35,36.09,36.5,36.4,,,36.75,,36.1
2018-11-03,,,,,,,,,,,,,,,,
2018-11-04,,,,,,,,,,,,,,,,
2018-11-05,36.7,36.5,36.7,36.4,,36.57,36.69,36.35,36.17,36.5,36.6,,,36.75,,36.0
2018-11-06,,,,,,,,,,,,,,,,
2018-11-07,36.8,36.6,36.7,36.5,,36.87,36.9,36.55,36.27,36.8,36.7,,,36.75,,36.25
2018-11-08,36.7,36.5,36.55,36.4,,36.47,36.54,36.35,36.11,36.8,36.6,,,36.5,,36.0
2018-11-09,36.7,36.3,36.4,36.3,,36.27,36.34,36.25,35.98,36.4,36.65,,,36.25,,36.0
2018-11-10,,,,,,,,,,,,,,,,
2018-11-11,,,,,,,,,,,,,,,,
2018-11-12,36.6,36.45,36.4,36.3,,36.47,36.34,36.45,36.09,36.4,36.6,,,36.25,,36.0
2018-11-13,37.1,37.0,37.0,36.9,,36.87,,36.85,36.52,37.0,36.9,,,37.0,,36.45
2018-11-14,37.0,37.0,37.0,36.9,,36.97,36.99,36.85,36.48,37.3,36.9,,,37.1,,36.5
2018-11-15,37.0,37.1,37.15,36.8,,36.97,37.09,36.85,36.56,37.0,,,,37.0,,36.5
2018-11-16,37.2,37.0,37.0,36.7,,36.97,36.94,36.85,36.48,37.0,37.15,,36.45,37.0,,36.5
2018-11-17,,,,,,,,,,,,,,,,
2018-11-18,,,,,,,,,,,,,,,,
2018-11-19,,,,,,,,,,,,,,,,
2018-11-20,37.3,37.3,37.35,37.1,,37.17,,37.05,36.65,37.3,37.15,,36.8,37.1,,36.5
2018-11-21,37.4,37.3,37.35,,,37.17,37.34,37.05,36.69,37.3,,,36.75,37.2,,36.65
2018-11-22,37.6,37.3,37.35,37.3,,37.47,37.34,37.35,36.96,37.3,37.3,,36.85,37.5,,36.85
2018-11-23,38.6,38.2,38.5,38.1,,38.47,38.39,38.45,37.98,38.65,38.3,,37.7,38.6,,37.65
2018-11-24,,,,,,,,,,,,,,,,
2018-11-25,,,,,,,,,,,,,,,,
2018-11-26,40.1,40.0,40.1,39.8,,39.87,40.04,39.85,39.51,40.0,40.1,,39.2,40.0,,39.15
2018-11-27,39.6,39.6,39.7,39.5,,39.57,39.74,39.45,38.94,39.8,39.65,,39.0,39.5,,39.0
2018-11-28,39.9,39.4,39.5,39.5,,39.47,39.59,39.35,38.99,39.6,39.4,,39.1,39.5,,39.0
2018-11-29,,,,,,,,,38.12,38.9,38.75,,38.6,38.8,,
2018-11-30,,,,,,,,,,,,,,,,
2018-12-01,,,,,,,,,,,,,,,,
2018-12-02,,,,,,,,,,,,,,,,
2018-12-03,37.5,37.5,37.9,37.7,,37.47,37.84,37.35,37.06,37.8,37.9,,37.05,37.6,,37.0
2018-12-04,38.4,38.1,38.4,38.2,,38.37,37.99,38.25,37.83,38.2,38.05,,37.7,38.6,,37.65
2018-12-05,38.9,38.6,38.85,38.7,,38.57,38.74,38.35,38.03,39.0,39.0,,38.0,38.6,,37.9
2018-12-06,38.7,38.5,38.7,38.8,,38.67,38.64,38.55,38.2,38.75,38.9,,38.2,38.6,,38.25
2018-12-07,38.3,38.3,38.45,38.2,,38.27,38.29,38.25,37.85,38.25,38.9,,37.9,38.2,,37.75
2018-12-08,,,,,,,,,,,,,,,,
2018-12-09,,,,,,,,,,,,,,,,
2018-12-10,38.8,38.6,38.8,39.0,,38.67,38.69,38.55,38.1,38.9,38.75,,38.1,38.8,,38.1
2018-12-11,38.9,38.6,38.8,38.6,,38.77,38.79,38.65,38.23,38.6,38.55,,38.15,38.8,,38.0
2018-12-12,38.7,38.4,38.65,38.7,,38.57,38.64,38.45,38.02,38.85,38.6,,38.1,38.6,,38.0
2018-12-13,39.0,38.5,38.85,38.8,,38.77,38.84,38.65,38.28,38.75,38.75,,38.25,38.8,,38.2
2018-12-14,,38.9,39.15,39.0,,38.97,,,38.58,39.2,39.2,,38.45,39.0,,38.4
2018-12-15,,,,,,,,,,,,,,,,
2018-12-16,,,,,,,,,,,,,,,,
2018-12-17,39.3,39.1,39.3,39.1,,39.27,39.29,39.05,38.62,39.5,39.3,,38.55,39.2,,38.5
2018-12-18,39.3,39.2,39.3,39.1,,39.17,,39.05,38.7,39.25,39.1,,38.75,39.2,,38.65
2018-12-19,39.4,39.2,39.3,39.3,,39.27,39.29,39.15,38.82,39.25,39.25,,38.85,39.4,,38.65
2018-12-20,39.1,38.9,39.1,39.0,,38.97,39.04,38.95,38.58,39.0,39.1,,38.5,39.1,,38.4
2018-12-21,39.1,39.0,39.1,39.0,,38.97,39.04,38.85,38.57,38.8,39.25,,38.55,39.1,,38.45
2018-12-22,,,,,,,,,,,,,,,,
2018-12-23,,,,,,,,,,,,,,,,
2018-12-24,,,,,,,,,,,,,,,,
2018-12-25,,,,,,,,,,,,,,,,
2018-12-26,39.6,39.3,39.5,39.5,,39.47,39.54,39.35,39.01,39.5,,,39.0,39.5,,
2018-12-27,39.3,39.5,39.45,39.3,,39.37,39.44,39.25,38.92,39.5,39.45,,38.85,39.5,,
2018-12-28,38.7,38.9,38.75,38.9,,38.67,38.74,38.75,38.19,38.8,39.15,,38.2,39.0,,38.1
2018-12-29,,,,,,,,,,,,,,,,
2018-12-30,,,,,,,,,,,,,,,,
2018-12-31,,,,,,,,,,,,,,,,
2019-01-01,,,,,,,,,,,,,,,,
2019-01-02,38.8,38.7,38.9,38.8,,38.67,,38.55,38.08,38.8,38.7,,38.25,38.8,,38.1
2019-01-03,38.5,38.4,38.6,38.5,,38.47,38.64,38.35,37.95,38.4,38.7,,38.0,38.5,,38.0
2019-01-04,38.4,38.4,38.5,38.3,,38.37,38.54,38.25,37.87,38.2,38.3,,37.9,38.5,,37.85
2019-01-05,,,,,,,,,,,,,,,,
2019-01-06,,,,,,,,,,,,,,,,
2019-01-07,38.5,38.4,38.5,38.3,,38.37,38.44,38.25,37.79,38.2,38.3,,37.85,38.5,,37.75
2019-01-08,38.7,38.6,38.65,38.7,,38.57,38.64,38.45,38.03,38.4,38.3,,38.05,38.8,,38.0
2019-01-09,38.6,38.4,38.55,38.4,,38.47,38.54,38.25,37.9,38.7,38.45,,38.0,38.6,,37.85
2019-01-10,38.3,38.2,38.25,38.1,,38.12,38.24,37.95,37.67,38.0,38.4,,37.75,38.1,,37.7
2019-01-11,38.2,38.1,38.05,38.0,,37.97,38.04,37.75,37.5,38.0,38.2,,37.55,38.1,,37.5
2019-01-12,,,,,,,,,,,,,,,,
2019-01-13,,,,,,,,,,,,,,,,
2019-01-14,38.1,,38.15,38.1,,37.97,38.14,37.85,37.53,38.0,38.2,,37.6,38.1,,37.5
2019-01-15,38.2,38.2,38.25,38.2,,38.07,38.24,37.95,37.63,38.3,38.25,,37.7,38.3,,37.6
2019-01-16,38.5,38.5,38.55,38.5,,38.47,38.54,38.35,37.95,38.6,38.45,,,38.4,,37.85
2019-01-17,39.0,38.8,38.9,38.7,,38.67,38.89,38.55,38.14,38.9,38.7,,38.3,38.6,,38.25
2019-01-18,38.6,38.6,38.7,38.6,,38.57,38.64,38.45,38.06,38.9,38.7,,38.15,38.4,,38.05
2019-01-19,,,,,,,,,,,,,,,,
2019-01-20,,,,,,,,,,,,,,,,
2019-01-21,38.9,38.6,38.7,38.6,,38.57,,38.55,38.18,38.7,38.8,,38.3,38.6,,38.2
2019-01-22,38.6,38.5,38.55,38.4,,38.47,38.54,38.35,38.04,38.7,38.75,,38.1,38.5,,38.0
2019-01-23,38.7,38.6,38.65,38.5,,38.57,38.64,38.35,38.01,38.65,38.5,,38.1,38.6,,38.0
2019-01-24,38.5,38.4,38.55,38.5,,38.37,38.54,38.35,37.9,38.5,38.5,,38.0,38.5,,38.0
2019-01-25,38.1,38.0,38.2,38.1,,38.07,38.24,37.95,37.54,38.0,,,37.65,38.4,,37.6
2019-01-26,,,,,,,,,,,,,,,,
2019-01-27,,,,,,,,,,,,,,,,
2019-01-28,38.1,38.1,38.2,38.1,,38.07,38.09,37.95,37.65,38.0,38.1,,37.6,38.3,,37.65
2019-01-29,38.7,38.3,38.7,38.6,,38.57,38.64,38.55,38.0,38.5,38.15,,38.0,38.5,,38.0
2019-01-30,38.7,38.6,38.65,38.7,,38.47,38.64,38.35,37.95,38.7,38.6,,38.1,38.5,,37.9
2019-01-31,38.2,38.2,38.45,38.3,,38.27,38.44,38.15,37.67,38.15,38.05,,37.7,38.3,,37.65
2019-02-01,38.5,38.1,38.45,38.4,,38.17,,38.05,37.65,38.35,38.45,,37.8,38.3,,37.7
2019-02-02,,,,,,,,,,,,,,,,
2019-02-03,,,,,,,,,,,,,,,,
2019-02-04,38.3,38.2,38.3,38.2,,38.17,38.29,38.05,37.68,38.35,38.3,,37.75,38.3,,37.75
2019-02-05,38.3,38.2,38.3,38.2,37.921,38.17,38.29,38.05,37.68,38.35,38.2,,37.75,38.3,,37.75
2019-02-06,38.3,38.6,38.6,38.6,38.17,38.57,38.64,38.35,37.91,38.45,38.55,,38.0,38.6,,37.9
2019-02-07,39.1,38.9,38.95,,38.567,38.87,38.94,38.65,38.26,38.9,38.95,,38.3,38.9,,38.25
2019-02-08,39.1,38.9,38.95,38.8,38.468,38.87,38.94,38.65,38.16,38.9,,,38.3,38.9,,38.3
2019-02-09,,,,,,,,,,,,,,,,
2019-02-10,,,,,,,,,,,,,,,,
2019-02-11,39.1,39.0,39.1,39.2,38.766,38.97,39.14,38.75,38.36,38.9,39.0,,38.5,39.2,,38.4
2019-02-12,39.0,38.7,39.05,38.9,38.567,38.97,39.04,38.85,38.33,38.9,38.9,,38.5,38.9,,38.4
2019-02-13,39.3,39.1,39.35,39.2,38.766,39.22,39.34,39.05,38.5,39.2,39.1,,38.75,39.1,,38.7
2019-02-14,39.5,39.2,39.35,39.3,38.865,39.17,39.34,39.05,38.53,39.4,39.3,,38.75,39.3,,38.7
2019-02-15,39.7,39.5,39.65,39.7,39.164,39.62,,39.45,38.87,39.4,39.45,,39.0,39.3,,38.9
2019-02-16,,,,,,,,,,,,,,,,
2019-02-17,,,,,,,,,,,,,,,,
2019-02-18,39.9,39.7,39.95,39.8,39.462,39.77,39.94,39.65,39.07,39.7,39.6,,39.3,39.8,,39.2
2019-02-19,40.4,40.2,40.4,40.3,39.859,40.27,40.34,40.15,39.61,40.5,40.3,,39.85,40.3,,39.6
2019-02-20,40.7,40.7,40.8,40.6,40.456,40.67,40.79,40.55,40.09,40.7,41.3,,40.2,40.6,,40.0
2019-02-21,40.7,40.4,40.6,40.4,40.099,40.47,40.54,40.35,39.84,40.5,,,40.0,40.5,,39.9
2019-02-22,40.2,40.0,40.35,40.3,39.8,40.17,40.34,40.05,39.47,40.2,40.3,,39.65,40.1,,39.55
2019-02-23,,,,,,,,,,,,,,,,
2019-02-24,,,,,,,,,,,,,,,,
2019-02-25,40.1,39.9,40.05,39.9,39.502,39.97,,39.85,39.33,40.0,40.15,,39.5,40.0,,39.3
2019-02-26,40.1,40.0,39.95,40.0,39.601,39.87,39.89,39.75,39.21,40.0,40.1,,39.45,39.9,,39.3
2019-02-27,39.9,39.7,39.2,39.7,39.402,39.77,39.84,39.65,39.07,39.75,39.9,,39.3,39.9,,39.2
2019-02-28,40.3,40.0,39.7,40.0,39.75,40.12,40.14,40.05,39.41,40.0,40.15,,39.65,40.1,,39.5
2019-03-01,41.0,40.7,40.85,40.8,40.497,40.77,40.84,40.65,40.22,41.0,40.7,,,40.8,,40.1
2019-03-02,,,,,,,,,,,,,,,,
2019-03-03,,,,,,,,,,,,,,,,
2019-03-04,,,,,,,,,,,,,,,,
2019-03-05,,,,,,,,,,,,,,,,
2019-03-06,41.9,41.5,41.75,41.3,40.994,41.72,41.69,41.55,41.01,41.6,41.5,,41.15,41.9,,41.0
2019-03-07,43.7,42.9,43.05,43.5,42.58600000000001,43.47,43.04,43.45,42.57,43.2,43.5,,42.6,43.5,,42.75
2019-03-08,42.3,42.1,42.25,42.3,41.79,42.22,42.14,42.15,41.54,42.1,42.3,,41.75,42.4,,41.75
2019-03-09,,,,,,,,,,,,,,,,
2019-03-10,,,,,,,,,,,,,,,,
2019-03-11,42.2,42.2,42.25,42.4,41.691,42.27,42.24,42.25,41.59,42.2,41.75,,41.7,42.5,,41.5
2019-03-12,42.6,42.5,42.55,42.5,42.089,42.47,42.44,42.45,41.89,42.6,42.4,,42.0,42.5,,41.9
2019-03-13,42.3,42.2,42.35,42.1,41.989,42.17,,42.15,41.71,42.7,42.65,,42.0,42.2,,41.8
2019-03-14,41.8,41.7,41.8,41.8,41.392,41.77,41.74,41.75,41.26,41.85,41.65,,41.3,41.7,,41.4
2019-03-15,41.2,40.9,41.05,41.0,40.795,40.97,41.04,40.95,40.4,41.0,41.1,,40.5,41.3,,40.4
2019-03-16,,,,,,,,,,,,,,,,
2019-03-17,,,,,,,,,,,,,,,,
2019-03-18,41.1,40.9,41.05,41.0,40.696,41.02,41.04,40.95,40.4,40.8,40.85,,40.5,41.0,,40.35
2019-03-19,41.7,41.4,41.55,41.7,41.19300000000001,41.47,41.54,41.45,40.95,41.7,41.5,,41.1,41.6,,40.85
2019-03-20,42.1,41.8,41.85,42.0,41.492,41.82,41.84,41.75,41.27,42.4,42.25,,41.3,41.9,,41.5
2019-03-21,42.1,41.9,42.1,42.0,41.79,42.02,41.94,41.95,41.57,42.0,41.85,,41.5,42.0,,41.5
2019-03-22,43.0,42.9,42.95,42.8,42.58600000000001,42.77,42.84,42.75,42.43,43.2,42.8,,42.3,42.7,,42.25
2019-03-23,,,,,,,,,,,,,,,,
2019-03-24,,,,,,,,,,,,,,,,
2019-03-25,43.1,42.9,43.1,43.0,42.68600000000001,42.97,42.94,42.95,42.45,42.9,,,42.5,42.9,,42.35
2019-03-26,43.8,43.6,43.7,43.7,43.382,43.62,43.64,43.55,43.07,43.5,43.75,,43.15,43.6,,42.95
2019-03-27,45.0,45.0,44.9,44.9,44.477,44.87,44.84,44.85,44.28,45.0,45.0,,44.4,44.9,,44.3
2019-03-28,44.7,44.6,44.65,44.7,44.377,44.62,44.64,44.55,44.05,44.85,44.35,,44.15,44.6,,44.0
2019-03-29,44.5,44.3,44.35,44.4,44.07899999999999,44.37,44.34,44.25,43.8,44.5,44.3,,43.9,44.4,,43.9
2019-03-30,,,,,,,,,,,,,,,,
2019-03-31,,,,,,,,,,,,,,,,
2019-04-01,43.8,43.9,43.85,43.8,43.382,43.72,43.84,43.65,43.16,44.0,43.9,,43.25,44.0,,43.15
2019-04-02,,,,,,,,,,,,,,,,
2019-04-03,43.9,43.7,43.85,43.8,43.382,43.87,43.84,43.85,43.12,43.6,43.7,,43.3,43.8,,43.2
2019-04-04,44.5,44.3,44.4,44.4,43.88,44.37,44.34,44.35,43.75,44.4,44.3,,43.8,44.4,,43.7
2019-04-05,45.0,45.0,44.8,45.0,44.875,44.87,44.94,44.85,44.48,45.1,44.7,,44.5,44.95,,44.4
2019-04-06,,,,,,,,,,,,,,,,
2019-04-07,,,,,,,,,,,,,,,,
2019-04-08,44.8,44.6,44.8,44.7,44.377,44.67,44.94,44.65,44.28,45.1,44.9,,44.35,44.9,,44.25
2019-04-09,44.4,44.4,44.5,44.6,44.178,44.37,,44.35,43.96,44.85,44.75,,44.05,44.5,,44.0
2019-04-10,44.2,44.0,44.0,44.1,43.581,43.97,44.14,43.95,43.41,44.0,44.1,,43.5,44.0,,43.5
2019-04-11,43.9,43.9,43.8,43.8,43.382,43.77,43.94,43.75,43.29,44.0,44.05,,43.25,43.8,,43.25
2019-04-12,43.3,43.1,43.25,43.3,42.785,43.17,43.34,43.15,42.59,43.25,43.45,,42.75,43.3,,42.7
2019-04-13,,,,,,,,,,,,,,,,
2019-04-14,,,,,,,,,,,,,,,,
2019-04-15,42.7,42.5,42.6,42.6,42.188,42.67,42.59,42.55,42.07,,42.5,,42.15,42.7,,42.1
2019-04-16,43.5,43.2,43.25,43.3,42.885,43.37,43.34,43.35,42.8,43.25,43.1,,42.85,43.4,,42.65
2019-04-17,43.0,43.0,42.95,43.0,42.487,42.97,43.04,42.85,42.28,42.5,43.1,,42.4,43.0,,42.3
2019-04-18,,,,,,,,,,,,,,,,
2019-04-19,,,,,,,,,,,,,,,,
2019-04-20,,,,,,,,,,,,,,,,
2019-04-21,,,,,,,,,,,,,,,,
2019-04-22,43.9,43.6,43.65,43.6,43.283,43.57,43.74,43.45,42.96,43.5,43.8,,43.1,43.7,,43.0
2019-04-23,43.6,43.5,43.5,43.5,43.084,43.47,43.64,43.35,42.89,43.5,43.4,,42.95,43.5,,42.85
2019-04-24,45.1,45.0,44.95,44.9,44.477,44.97,44.84,44.85,44.49,44.6,44.55,,44.5,45.0,,44.25
2019-04-25,46.4,46.1,46.1,46.0,45.57100000000001,45.97,45.99,45.85,45.48,46.3,46.5,,45.5,46.0,,45.6
2019-04-26,47.2,47.0,46.95,47.3,46.566,46.97,46.79,46.95,46.4,46.5,47.1,,46.45,46.6,,46.2
2019-04-27,,,,,,,,,,,,,,,,
2019-04-28,,,,,,,,,,,,,,,,
2019-04-29,45.7,45.5,45.5,45.6,44.974,45.37,45.54,45.25,44.9,45.8,45.65,,45.0,45.8,,44.9
2019-04-30,45.5,45.3,45.3,45.3,44.576,45.17,45.29,45.15,44.64,45.2,45.2,,44.7,45.5,,44.5
2019-05-01,,,,,,,,,,,,,,,,
2019-05-02,46.2,45.7,45.9,45.9,45.273,45.87,45.94,45.75,45.28,45.9,45.95,,45.3,46.2,,45.2
2019-05-03,45.8,45.4,45.4,45.5,45.074,45.47,45.49,45.35,44.96,45.5,45.75,,44.95,45.5,,44.85
2019-05-04,,,,,,,,,,,,,,,,
2019-05-05,,,,,,,,,,,,,,,,
2019-05-06,45.9,45.7,45.9,45.8,45.372,45.77,45.84,45.65,45.23,46.2,46.25,,45.2,46.1,,45.1
2019-05-07,46.5,46.1,46.35,46.3,45.87,46.27,46.24,46.25,45.71,46.2,46.2,,45.8,46.5,,45.6
2019-05-08,46.5,46.0,46.15,46.2,45.87,46.17,46.34,46.05,45.58,46.4,46.1,,45.75,46.5,46.0,45.65
2019-05-09,46.8,46.2,46.65,46.4,46.069,46.27,46.39,46.25,45.83,46.5,46.55,,45.85,46.5,46.5,45.75
2019-05-10,46.2,45.9,45.95,45.8,45.57100000000001,45.87,45.94,45.75,45.3,46.0,46.45,,45.4,46.2,45.8,45.3
2019-05-11,,,,,,,,,,,,,,,,
2019-05-12,,,,,,,,,,,,,,,,
2019-05-13,46.7,46.5,46.2,46.2,45.87,46.17,46.24,46.05,45.6,46.5,46.65,,45.77,46.5,46.3,45.6
2019-05-14,46.3,45.9,46.05,46.1,45.67100000000001,46.07,,45.95,45.5,46.1,46.3,,45.6,46.2,46.0,45.5
2019-05-15,46.2,46.0,46.1,46.1,45.67100000000001,46.07,,45.95,45.52,46.6,46.1,,45.5,46.3,46.0,45.4
2019-05-16,46.3,45.7,46.0,45.8,45.472,45.87,46.09,45.75,45.27,46.0,46.05,,45.3,46.0,45.3,45.2
2019-05-17,46.5,46.1,46.15,46.0,45.57100000000001,45.97,46.19,45.95,45.48,46.2,46.15,,45.5,46.3,45.5,45.4
2019-05-18,,,,,,,,,,,,,,,,
2019-05-19,,,,,,,,,,,,,,,,
2019-05-20,46.7,46.3,46.35,46.3,45.87,46.27,46.54,46.15,45.76,46.4,46.35,,45.9,46.4,45.7,45.8
2019-05-21,46.4,45.8,45.95,45.9,45.57100000000001,45.87,,45.75,45.29,45.9,45.95,,45.4,46.1,45.3,45.35
2019-05-22,46.3,45.9,46.0,45.9,45.57100000000001,45.97,,45.85,45.34,46.0,45.9,,45.4,46.1,45.4,45.35
2019-05-23,46.4,46.2,46.2,46.1,45.77,46.07,46.39,46.05,45.5,46.3,46.15,,45.6,46.3,45.6,45.5
2019-05-24,46.2,45.9,46.2,46.0,45.57100000000001,45.87,46.14,45.75,45.32,46.3,46.15,,45.45,46.1,45.5,45.35
2019-05-25,,,,,,,,,,,,,,,,
2019-05-26,,,,,,,,,,,,,,,,
2019-05-27,46.2,45.9,46.2,45.8,45.472,45.87,46.33,45.85,45.21,46.15,46.25,,45.25,46.1,45.5,45.1
2019-05-28,46.0,45.7,45.8,45.7,45.372,45.77,46.03,45.65,45.07,45.8,46.1,,45.2,45.9,45.2,45.15
2019-05-29,45.8,,45.6,45.5,45.173,45.57,,,44.89,45.8,46.0,,44.95,45.9,44.9,44.85
2019-05-30,46.0,45.3,45.6,45.4,45.074,45.57,,45.45,44.92,45.6,45.45,,44.9,45.7,44.8,44.85
2019-05-31,46.2,45.9,45.8,45.9,45.472,45.87,46.13,45.75,45.22,46.1,46.3,,45.4,46.3,45.3,45.3
2019-06-01,,,,,,,,,,,,,,,,
2019-06-02,,,,,,,,,,,,,,,,
2019-06-03,46.4,45.9,45.9,46.0,45.67100000000001,45.97,46.28,45.85,45.3,46.1,46.1,,45.45,46.1,45.4,45.35
2019-06-04,46.2,45.7,45.9,45.8,45.472,45.77,45.98,45.65,45.13,45.6,46.1,,45.25,46.1,45.2,45.2
2019-06-05,46.3,,45.95,45.9,45.472,45.87,46.18,45.85,45.33,46.0,45.9,,45.4,46.2,45.3,45.25
2019-06-06,46.4,45.9,46.05,45.9,45.57100000000001,45.87,46.23,45.85,45.37,46.0,46.0,,45.5,46.2,45.4,45.3
2019-06-07,46.4,45.9,45.9,,45.57100000000001,45.87,46.13,45.85,45.24,46.0,46.15,,45.4,46.2,45.4,45.3
2019-06-08,,,,,,,,,,,,,,,,
2019-06-09,,,,,,,,,,,,,,,,
2019-06-10,46.5,46.1,45.9,46.0,45.57100000000001,45.97,,45.85,45.27,46.0,46.1,,45.4,46.2,45.4,45.3
2019-06-11,46.0,45.9,45.8,,45.372,45.77,46.03,45.65,45.12,45.8,46.0,,45.25,46.1,45.2,45.15
2019-06-12,,44.6,44.7,44.7,44.278,44.77,44.83,44.65,44.16,44.8,45.15,,44.05,45.1,44.2,44.0
2019-06-13,45.1,44.4,44.5,44.4,44.278,44.47,44.68,44.35,43.88,44.6,44.75,,44.0,44.5,43.9,43.75
2019-06-14,45.4,45.0,44.9,45.1,44.676,44.97,45.33,44.95,44.43,44.6,44.75,,44.55,45.3,44.5,44.35
2019-06-15,,,,,,,,,,,,,,,,
2019-06-16,,,,,,,,,,,,,,,,
2019-06-17,,,,,,,,,,,,,,,,
2019-06-18,45.0,44.7,44.6,44.6,44.178,44.57,44.73,44.4,43.89,44.7,44.85,,44.0,44.7,44.0,
2019-06-19,44.6,44.4,44.4,44.4,43.979,44.37,44.53,44.25,43.85,44.5,44.55,,43.9,44.6,43.8,43.75
2019-06-20,,,,,,,,,,,,,,,,
2019-06-21,44.5,43.8,43.85,44.0,43.482,43.87,44.23,43.75,43.32,44.0,44.55,,43.35,43.9,43.3,43.3
2019-06-22,,,,,,,,,,,,,,,,
2019-06-23,,,,,,,,,,,,,,,,
2019-06-24,43.9,43.5,43.55,43.5,43.133,43.57,,43.45,42.86,43.8,43.65,,43.1,43.7,42.9,42.95
2019-06-25,,43.3,43.4,43.4,43.084,,,43.35,42.88,43.6,43.6,,42.9,43.5,42.7,42.8
2019-06-26,44.3,43.8,43.6,43.7,43.432,43.87,44.03,43.75,43.17,44.0,44.0,,43.3,43.9,43.2,43.15
2019-06-27,44.3,43.9,43.9,43.9,43.382,43.77,44.03,43.65,43.18,44.0,43.75,,43.3,43.9,43.2,
2019-06-28,43.9,43.5,43.55,43.6,43.283,43.57,43.73,43.45,42.9,43.5,43.75,,43.0,43.8,,42.85
2019-06-29,,,,,,,,,,,,,,,,
2019-06-30,,,,,,,,,,,,,,,,
2019-07-01,43.7,43.1,43.35,43.4,43.084,43.47,43.63,43.35,42.76,43.1,43.2,,42.85,43.5,42.8,42.75
2019-07-02,43.7,43.4,43.25,43.3,42.984,43.27,43.53,43.15,42.68,43.4,43.6,,42.9,43.5,42.7,42.7
2019-07-03,43.4,43.2,43.0,43.2,42.835,43.07,43.43,42.95,42.51,43.2,43.2,,42.65,43.3,42.5,42.5
2019-07-04,43.1,43.0,42.8,42.8,42.487,42.87,,42.75,42.3,42.8,42.7,,42.35,42.9,42.3,42.2
2019-07-05,43.3,43.0,42.9,43.0,42.58600000000001,42.87,,42.75,42.29,43.2,43.15,,42.4,43.3,42.3,42.3
2019-07-06,,,,,,,,,,,,,,,,
2019-07-07,,,,,,,,,,,,,,,,
2019-07-08,,,,,,,,,,,,,,,,
2019-07-09,,,,,,,,,,,,,,,,
2019-07-10,43.2,42.9,42.9,43.0,42.68600000000001,42.87,43.33,42.75,42.34,43.0,43.15,,42.45,43.2,42.3,42.3
2019-07-11,43.1,42.6,42.7,42.8,42.387,42.77,42.93,42.65,42.2,43.0,43.0,,42.3,43.0,42.2,42.25
2019-07-12,43.0,42.7,42.6,42.8,42.337,42.67,42.93,42.55,42.07,42.8,43.0,,42.2,42.9,42.1,42.15
2019-07-13,,,,,,,,,,,,,,,,
2019-07-14,,,,,,,,,,,,,,,,
2019-07-15,43.8,43.2,43.3,43.4,42.885,43.47,,43.35,42.73,43.0,43.1,,42.7,43.3,42.9,42.55
2019-07-16,44.2,43.6,43.7,43.8,43.332,43.77,,43.55,43.09,43.5,43.65,,,43.7,43.2,43.1
2019-07-17,43.9,43.6,43.5,43.6,43.283,43.67,43.83,43.45,42.91,43.5,43.8,,43.1,43.7,43.0,43.0
2019-07-18,43.9,43.4,43.45,43.5,43.183,43.47,43.63,43.45,42.88,43.25,43.8,,43.0,43.6,42.9,42.85
2019-07-19,43.9,43.5,43.4,43.5,43.183,43.57,43.73,43.35,42.93,43.25,43.7,,43.0,43.6,42.9,42.9
2019-07-20,,,,,,,,,,,,,,,,
2019-07-21,,,,,,,,,,,,,,,,
2019-07-22,43.9,43.5,43.4,43.5,43.183,43.57,43.73,43.35,42.87,43.4,43.7,,43.0,43.6,42.9,42.95
2019-07-23,44.3,43.7,43.7,43.7,43.382,43.77,44.03,43.55,43.06,43.75,43.85,,43.25,43.8,43.2,43.15
2019-07-24,44.4,43.9,43.8,44.0,43.581,43.97,44.13,43.85,43.34,44.0,43.9,,43.45,44.0,43.4,43.35
2019-07-25,44.8,44.3,44.3,44.5,44.278,44.47,44.73,44.35,43.76,44.45,44.55,,43.95,44.5,43.9,43.85
2019-07-26,,,,,,,,,,,,,,,,
2019-07-27,,,,,,,,,,,,,,,,
2019-07-28,,,,,,,,,,,,,,,,
2019-07-29,45.3,44.9,44.8,44.9,44.576,44.97,45.13,44.75,44.23,44.95,44.6,,44.35,44.7,44.3,44.3
2019-07-30,45.5,44.9,44.9,,44.676,44.97,45.13,44.85,44.37,44.95,45.05,,44.45,44.9,44.4,44.4
2019-07-31,45.5,,44.85,44.9,44.676,44.97,45.13,44.85,44.31,45.0,45.15,,44.45,44.7,44.4,44.35
2019-08-01,45.9,45.5,45.35,45.5,45.12300000000001,45.47,45.53,45.35,44.85,45.5,45.5,,44.95,45.5,44.8,44.9
2019-08-02,46.1,45.7,45.65,45.9,45.57100000000001,45.67,46.03,45.55,45.06,46.0,46.0,,45.35,45.9,45.1,45.2
2019-08-03,,,,,,,,,,,,,,,,
2019-08-04,,,,,,,,,,,,,,,,
2019-08-05,46.9,46.5,46.45,46.7,46.268,46.47,,46.45,45.9,46.4,46.55,,46.0,46.8,,45.95
2019-08-06,46.7,46.4,46.35,46.5,46.168,46.37,46.63,46.25,45.76,46.5,46.4,,45.9,46.4,45.8,45.9
2019-08-07,47.1,46.7,46.6,46.8,46.367,46.77,46.93,46.55,46.05,46.8,46.9,,46.15,46.7,46.1,46.05
2019-08-08,46.7,46.4,46.2,46.4,46.069,46.27,,46.15,45.69,46.6,46.9,,45.8,46.5,45.7,45.8
2019-08-09,46.8,46.4,46.4,46.9,45.969,46.37,46.78,46.15,45.87,46.5,46.55,,45.9,46.5,45.9,45.75
2019-08-10,,,,,,,,,,,,,,,,
2019-08-11,,,,,,,,,,,,,,,,
2019-08-12,57.0,57.9,58.0,58.0,55.72,55.0,60.03,54.95,57.51,60.0,58.0,,56.0,57.0,60.0,56.0
2019-08-13,58.0,58.9,58.0,59.0,56.218,58.0,58.99,57.95,56.75,59.0,61.0,,57.5,58.0,56.5,57.0
2019-08-14,61.0,62.9,63.0,64.0,61.69,63.0,62.49,62.95,61.17,63.0,62.0,,61.5,61.0,61.5,62.0
2019-08-15,59.0,60.9,60.0,61.0,60.198,60.0,,58.95,59.81,60.0,60.5,,58.8,59.5,,59.0
2019-08-16,57.0,58.4,58.0,59.0,57.213,57.5,59.39,56.95,56.74,60.0,60.0,,56.8,58.0,,56.0
2019-08-17,,,,,,,,,,,,,,,,
2019-08-18,,,,,,,,,,,,,,,,
2019-08-19,,,,,,,,,,,,,,,,
2019-08-20,,57.9,57.1,58.0,56.218,57.0,57.39,56.95,56.13,58.0,58.5,,56.0,57.0,56.5,56.0
2019-08-21,58.0,57.9,57.1,58.0,56.218,57.0,57.39,56.95,56.35,57.0,57.5,,56.0,56.5,56.5,56.0
2019-08-22,57.0,57.9,57.1,58.0,56.317,57.0,57.39,56.95,56.23,57.0,57.5,,56.0,57.0,56.5,56.0
2019-08-23,57.5,57.4,57.1,58.5,56.914,57.0,57.39,56.95,56.55,57.0,59.0,,56.0,56.5,57.0,55.75
2019-08-24,,,,,,,,,,,,,,,,
2019-08-25,,,,,,,,,,,,,,,,
2019-08-26,57.5,57.4,57.1,58.0,56.715,57.0,57.59,56.95,56.25,57.0,,56.15,56.25,56.5,57.0,56.0
2019-08-27,,,,,,,,,,,,,,,,
2019-08-28,60.0,60.4,60.0,61.0,59.7,60.0,60.19,59.95,59.28,60.0,60.0,59.0,58.5,60.0,59.7,58.5
2019-08-29,61.0,60.9,59.9,60.0,60.198,60.0,60.19,59.95,60.0,61.0,61.5,59.5,59.5,59.5,60.0,59.0
2019-08-30,63.0,61.9,61.9,63.0,61.69,61.0,61.99,60.95,61.38,62.0,62.75,60.2,61.4,62.0,61.0,60.5
2019-08-31,,,,,,,,,,,,,,,,
2019-09-01,,,,,,,,,,,,,,,,
2019-09-02,59.0,59.9,57.0,61.0,58.705,58.0,58.99,56.95,,60.0,58.0,59.0,58.0,58.0,58.0,57.75
2019-09-03,59.0,58.9,58.0,60.0,58.208,57.0,59.59,56.95,60.36,59.0,59.0,,57.5,58.0,58.0,57.0
2019-09-04,58.0,58.4,58.0,60.0,57.71,57.0,,56.95,60.74,58.5,59.0,57.35,,58.0,58.0,57.0
2019-09-05,59.0,58.4,58.0,60.0,57.71,57.0,58.14,56.95,62.3,58.5,59.0,57.0,57.0,58.0,58.0,57.0
2019-09-06,58.0,58.4,57.5,60.0,57.71,57.0,,56.95,61.96,58.5,59.0,57.0,56.9,58.0,58.0,57.0
2019-09-07,,,,,,,,,,,,,,,,
2019-09-08,,,,,,,,,,,,,,,,
2019-09-09,59.0,58.4,57.5,60.0,57.71,57.0,58.19,56.95,61.91,58.5,58.0,57.2,57.0,58.0,58.0,57.0
2019-09-10,59.0,58.4,57.5,60.0,57.909,57.0,57.99,56.95,62.45,58.5,58.0,57.1,57.5,58.0,58.0,58.0
2019-09-11,59.0,58.4,57.85,60.0,57.909,57.0,58.75,56.95,63.33,58.5,58.0,57.75,58.0,58.0,58.0,
2019-09-12,59.0,58.4,58.0,60.0,58.208,57.25,58.55,57.2,65.71,58.5,58.5,58.0,58.0,58.5,,
2019-09-13,59.0,58.4,58.0,60.0,58.208,57.5,58.35,57.45,70.9,58.5,58.5,57.75,56.5,58.5,,
2019-09-14,,,,,,,,,,,,,,,,
2019-09-15,,,,,,,,,,,,,,,,
2019-09-16,59.0,58.4,58.0,60.0,58.705,58.0,58.75,57.95,69.61,59.0,58.5,57.5,,59.0,58.0,57.5
2019-09-17,59.0,58.4,58.5,60.0,59.203,58.5,59.05,58.45,65.07,59.0,58.5,57.75,57.5,59.5,58.5,58.0
2019-09-18,59.5,58.9,58.5,60.0,59.203,58.5,58.85,58.45,66.07,59.0,59.0,57.6,57.5,59.5,58.5,57.5
2019-09-19,59.5,58.9,58.5,60.0,59.50100000000001,58.5,59.05,58.45,65.03,59.0,59.0,57.4,57.5,59.0,58.5,58.0
2019-09-20,59.5,58.9,58.5,60.0,59.7,58.5,,58.45,65.94,,59.0,56.901,58.0,59.0,58.5,57.75
2019-09-21,,,,,,,,,,,,,,,,
2019-09-22,,,,,,,,,,,,,,,,
2019-09-23,59.7,59.4,59.0,60.0,59.899,58.5,,58.45,64.38,59.5,59.0,57.25100000000001,58.0,59.5,59.0,57.9
2019-09-24,59.7,59.4,59.0,60.0,59.899,58.5,59.25,58.45,62.75,59.5,59.5,57.301,58.0,59.5,59.0,57.9
2019-09-25,59.7,59.4,59.0,60.0,59.999,58.5,59.25,58.45,62.9,59.5,59.5,57.75,58.0,59.5,59.0,57.9
2019-09-26,59.7,59.9,59.0,60.0,59.999,59.0,59.65,58.95,61.67,59.5,59.2,58.0,58.0,59.5,59.0,57.95
2019-09-27,59.9,59.9,59.0,60.0,59.615,59.0,59.65,58.95,60.04,59.5,59.6,58.5,57.9,59.5,59.0,58.0
2019-09-28,,,,,,,,,,,,,,,,
2019-09-29,,,,,,,,,,,,,,,,
2019-09-30,59.95,59.9,59.0,61.0,59.417,59.0,60.0,58.95,61.12,59.5,59.8,58.25,58.5,60.0,59.5,58.5
2019-10-01,60.2,59.9,,62.0,59.714,59.5,60.15,59.45,63.83,60.0,59.8,58.2,,60.0,59.5,58.35
2019-10-02,60.5,60.4,59.5,61.0,60.01,59.5,60.15,59.45,63.24,60.0,59.9,58.5,58.6,60.5,,58.65
2019-10-03,60.5,60.4,59.5,61.0,59.714,59.5,60.25,59.45,62.62,60.0,60.25,58.2,58.4,60.5,59.9,58.4
2019-10-04,60.3,59.9,59.5,61.0,59.714,59.4,60.15,59.35,64.12,60.0,60.25,58.25,,60.25,59.7,58.35
2019-10-05,,,,,,,,,,,,,,,,
2019-10-06,,,,,,,,,,,,,,,,
2019-10-07,60.3,60.4,59.5,61.0,59.911,59.4,60.35,59.35,63.24,60.0,60.25,58.4,58.9,60.5,59.7,58.5
2019-10-08,60.5,60.4,59.5,61.0,59.911,,60.35,59.35,64.44,60.0,60.25,58.5,58.9,60.5,59.7,58.5
2019-10-09,60.3,60.4,59.65,61.5,60.108,,60.35,59.45,64.99,60.0,60.25,58.6,58.9,60.5,60.0,58.65
2019-10-10,60.5,60.4,59.65,61.5,,59.5,60.35,59.45,65.17,60.0,60.4,58.7,59.0,60.5,60.0,58.75
2019-10-11,60.5,60.4,59.65,61.5,60.306,59.5,60.35,59.45,67.68,60.0,60.4,58.75,59.0,60.5,60.0,59.0
2019-10-12,,,,,,,,,,,,,,,,
2019-10-13,,,,,,,,,,,,,,,,
2019-10-14,,,,,,,,,,,,,,,,
2019-10-15,60.7,60.7,59.9,61.5,60.306,59.5,60.65,59.45,67.58,60.0,,58.9,59.0,60.75,60.0,59.0
2019-10-16,60.9,60.7,60.0,62.0,60.404,59.5,60.65,59.45,67.58,60.0,60.7,59.2,,60.75,60.0,59.1
2019-10-17,60.9,60.7,60.0,62.0,60.503,60.5,60.65,59.45,71.06,60.5,60.7,59.6,,60.75,60.0,59.3
2019-10-18,60.95,60.7,60.0,62.0,60.602,61.0,60.65,59.95,73.24,61.0,60.7,59.45,59.75,60.75,60.0,59.35
2019-10-19,,,,,,,,,,,,,,,,
2019-10-20,,,,,,,,,,,,,,,,
2019-10-21,61.0,61.0,60.5,62.0,60.997,61.5,60.85,60.45,73.45,61.5,60.85,59.35,59.8,61.0,60.5,59.6
2019-10-22,61.5,60.9,60.75,,61.589,61.5,60.95,60.7,77.14,61.5,60.85,59.9,59.8,62.0,61.0,59.7
2019-10-23,63.0,61.8,,,62.181,62.5,62.25,61.45,73.64,62.5,62.0,60.6,60.75,63.0,,60.25
2019-10-24,63.5,,62.85,64.0,63.464,63.5,63.15,62.45,73.58,63.0,63.25,61.9,,64.0,63.0,61.25
2019-10-25,64.5,64.4,64.65,,65.53699999999999,65.0,64.65,64.95,75.41,64.5,64.6,64.5,62.0,66.0,64.0,62.5
2019-10-26,,,,,,,,,,,,,,,,
2019-10-27,,,,,,,,,,,,,,,,
2019-10-28,64.0,61.9,63.75,65.0,60.701,63.5,62.45,63.45,78.73,64.0,62.0,61.9,60.5,64.0,,61.0
2019-10-29,63.5,62.9,63.75,65.0,61.194,62.45,62.45,63.45,74.86,64.0,62.75,61.2,,64.0,62.5,60.5
2019-10-30,63.5,63.4,63.75,65.0,61.194,62.45,62.45,63.45,74.54,63.5,63.0,61.0,60.7,64.0,62.5,60.75
2019-10-31,62.5,63.25,63.75,65.0,62.675,62.45,62.45,63.45,76.95,64.0,63.25,61.0,60.7,63.5,62.5,60.75
2019-11-01,63.5,63.25,63.5,65.0,62.675,62.45,62.45,63.45,77.11,63.5,63.5,61.0,60.7,63.5,62.5,60.75
2019-11-02,,,,,,,,,,,,,,,,
2019-11-03,,,,,,,,,,,,,,,,
2019-11-04,63.5,63.25,63.5,65.0,62.477,62.99,62.99,63.45,75.0,63.5,63.5,61.25,,63.0,62.5,61.0
2019-11-05,63.0,,63.5,65.0,62.477,62.99,62.99,63.45,74.36,63.5,63.5,61.5,61.0,63.0,,61.0
2019-11-06,,,,,,,,,,,,,61.0,,,61.0
2019-11-07,63.0,63.25,63.5,65.0,62.181,62.99,62.99,63.45,73.43,63.5,63.25,61.5,61.0,63.0,62.5,61.0
2019-11-08,63.0,62.75,63.0,65.0,62.181,62.45,62.99,62.95,74.23,63.0,62.9,61.5,61.0,63.0,62.0,61.0
2019-11-09,,,,,,,,,,,,,,,,
2019-11-10,,,,,,,,,,,,,,,,
2019-11-11,63.0,62.75,63.0,65.0,62.181,62.45,,62.95,73.11,,62.75,61.5,61.0,63.0,,61.0
2019-11-12,63.0,62.25,63.0,65.0,61.441,62.2,62.99,62.7,72.51,63.0,62.75,61.5,61.0,63.0,,61.0
2019-11-13,63.0,62.25,63.0,65.0,62.477,62.2,62.99,62.7,73.55,63.0,62.75,61.5,61.0,63.0,,61.0
2019-11-14,,,,,,,,,,,,,,,,
2019-11-15,,,,,,,,,,,,,,,,
2019-11-16,,,,,,,,,,,,,,,,
2019-11-17,,,,,,,,,,,,,,,,
2019-11-18,,,,,,,,,,,,,,,,
2019-11-19,63.0,61.75,62.95,65.0,62.181,61.7,62.99,62.45,72.24,,62.5,61.25,60.31,63.0,62.0,61.0
2019-11-20,63.0,61.75,62.95,65.0,62.181,61.7,62.99,62.45,72.52,,62.5,61.25,60.01,63.0,62.2,61.0
2019-11-21,63.0,61.75,62.95,65.0,62.181,61.7,62.99,62.45,72.81,63.0,62.5,61.0,60.01,63.0,,61.0
2019-11-22,63.0,61.75,,65.0,62.181,61.7,62.99,62.45,72.43,63.0,62.5,60.5,,63.0,62.2,61.0
2019-11-23,,,,,,,,,,,,,,,,
2019-11-24,,,,,,,,,,,,,,,,
2019-11-25,63.0,61.75,62.95,65.0,62.181,61.7,62.99,62.45,71.88,63.0,62.5,60.9,60.01,63.0,,61.0
2019-11-26,63.0,61.75,62.95,65.0,62.576,61.7,62.99,62.2,71.09,63.0,62.5,60.9,60.01,63.0,62.2,61.0
2019-11-27,63.0,61.75,62.95,65.0,62.576,61.7,62.99,62.2,71.32,63.0,62.5,60.9,,63.0,62.2,61.0
2019-11-28,63.0,61.75,62.95,65.0,62.675,61.7,62.99,62.2,71.43,63.0,62.5,60.9,60.11,63.0,,61.0
2019-11-29,63.0,62.25,62.95,65.0,62.675,,62.99,62.2,74.13,63.0,62.5,60.9,,63.0,,61.0
2019-11-30,,,,,,,,,,,,,,,,
2019-12-01,,,,,,,,,,,,,,,,
2019-12-02,63.0,62.75,62.95,65.0,62.675,62.2,62.99,62.2,73.1,63.0,62.5,60.9,,63.0,62.4,61.0
2019-12-03,63.0,62.75,62.95,65.0,62.675,62.2,62.49,62.2,,63.0,62.75,60.9,61.0,63.0,62.4,61.0
2019-12-04,63.0,62.75,62.95,65.0,62.675,62.2,62.99,62.2,,63.0,62.75,60.9,60.31,63.0,,61.0
2019-12-05,63.0,62.75,62.95,65.0,62.675,62.2,62.99,62.2,,63.0,62.75,60.9,,63.0,,61.0
2019-12-06,63.0,62.75,62.95,65.0,62.675,62.2,62.99,62.2,,63.0,62.75,60.9,60.31,63.0,62.4,61.0
2019-12-07,,,,,,,,,,,,,,,,
2019-12-08,,,,,,,,,,,,,,,,
2019-12-09,63.0,62.75,62.95,65.0,62.675,62.45,62.99,62.45,,63.0,62.75,60.9,60.31,63.0,62.4,61.0
2019-12-10,63.0,62.75,62.95,65.0,63.168,62.5,62.99,62.7,,63.0,62.75,60.9,60.31,63.0,,61.0
2019-12-11,63.0,62.75,62.95,65.0,62.675,62.5,62.99,62.95,,63.0,62.75,60.9,60.31,63.0,,61.0
2019-12-12,63.0,62.75,62.95,65.0,62.675,,62.99,62.95,,63.0,62.75,60.9,60.31,63.0,,
2019-12-13,63.0,62.75,62.95,65.0,62.675,62.5,62.99,62.95,,63.0,62.75,60.9,60.31,63.0,62.49,61.0
2019-12-14,,,,,,,,,,,,,,,,
2019-12-15,,,,,,,,,,,,,,,,
2019-12-16,63.0,62.75,62.95,65.0,62.872,62.5,62.99,62.95,,63.0,,60.9,60.31,63.0,62.49,61.0
2019-12-17,63.0,62.75,62.95,65.0,63.168,62.5,,62.95,,63.0,62.75,60.9,60.31,63.0,62.49,61.0
2019-12-18,63.0,62.75,62.95,65.0,63.168,62.5,62.99,62.95,,63.0,62.75,60.9,60.31,63.0,,
2019-12-19,63.0,62.75,62.95,65.0,63.168,62.5,62.99,62.95,,63.0,62.75,60.9,60.31,63.0,62.49,61.0
2019-12-20,,,,,,,,,,,,,,,,
2019-12-21,,,,,,,,,,,,,,,,
2019-12-22,,,,,,,,,,,,,,,,
2019-12-23,63.0,63.05,62.95,63.5,63.464,62.5,62.99,62.95,,63.0,62.75,,60.8,63.0,,
2019-12-24,,,,,,,,,,,,,,,,
2019-12-25,,,,,,,,,,,,,,,,
2019-12-26,63.0,63.05,62.95,63.5,63.168,62.5,62.99,62.95,,63.0,62.75,60.9,60.8,63.0,62.49,61.0
2019-12-27,63.0,63.05,62.95,63.5,63.168,62.5,,62.95,,63.0,62.75,60.9,,63.0,62.49,61.0
2019-12-28,,,,,,,,,,,,,,,,
2019-12-29,,,,,,,,,,,,,,,,
2019-12-30,,63.05,62.95,63.5,62.675,62.5,,62.95,,63.0,62.75,60.9,,63.0,,60.5
2019-12-31,,,,,,,,,,,,,,,,
2020-01-01,,,,,,,,,,,,,,,,
2020-01-02,,63.05,62.95,63.5,62.675,62.5,62.99,62.95,,63.0,,60.9,60.31,63.0,,61.0
2020-01-03,,63.05,62.95,63.5,62.675,62.5,62.99,62.95,,63.0,62.75,60.9,60.31,63.0,62.49,61.0
2020-01-04,,,,,,,,,,,,,,,,
2020-01-05,,,,,,,,,,,,,,,,
2020-01-06,63.0,63.05,62.95,63.5,62.675,62.5,62.99,62.95,,63.0,62.75,60.9,,63.0,,61.0
2020-01-07,63.0,63.05,62.95,63.5,62.675,62.5,62.99,62.95,,63.0,62.75,60.9,,63.0,,61.0
2020-01-08,63.0,63.05,62.95,63.5,62.675,62.5,62.99,62.95,,63.0,62.75,60.9,,63.0,62.49,61.0
2020-01-09,63.0,62.75,62.95,63.5,62.675,62.5,62.99,62.95,,63.0,62.75,60.9,60.31,63.0,,61.0
2020-01-10,63.0,62.25,62.95,63.5,62.675,62.25,62.99,62.95,,63.0,62.75,60.9,,63.0,62.49,61.0
2020-01-11,,,,,,,,,,,,,,,,
2020-01-12,,,,,,,,,,,,,,,,
2020-01-13,63.0,62.25,62.95,63.5,62.675,62.25,62.99,62.95,,63.0,62.75,60.9,60.21,63.0,,61.0
2020-01-14,63.0,62.25,62.95,63.5,62.872,62.25,63.04,62.95,,63.0,62.75,60.9,60.21,63.0,,61.0
2020-01-15,63.0,62.25,62.95,63.5,62.872,62.25,63.04,62.95,,63.0,63.0,60.9,60.21,63.0,62.5,61.0
2020-01-16,63.0,62.25,62.95,63.5,62.872,62.25,,62.95,,63.0,63.0,60.9,,63.0,62.5,61.0
2020-01-17,63.0,62.25,62.95,63.5,62.872,62.25,,62.95,,63.0,63.0,60.9,60.21,63.0,62.5,61.0
2020-01-18,,,,,,,,,,,,,,,,
2020-01-19,,,,,,,,,,,,,,,,
2020-01-20,63.0,62.25,62.95,63.5,62.872,62.25,,62.95,,63.0,63.0,60.9,,63.0,62.5,61.0
2020-01-21,63.0,62.25,63.0,63.5,62.872,62.25,63.04,62.95,,63.0,63.0,60.9,60.21,63.0,62.5,61.0
2020-01-22,63.0,62.25,63.0,63.5,62.872,62.25,63.04,62.95,,63.0,63.0,60.9,60.21,63.0,62.55,61.0
2020-01-23,63.0,62.25,63.0,63.5,62.872,62.25,63.04,62.95,,63.0,63.0,60.9,60.21,63.0,62.55,61.0
2020-01-24,63.0,62.25,63.0,63.5,62.872,62.25,63.04,62.95,,63.0,63.0,60.9,,63.0,62.55,61.0
2020-01-25,,,,,,,,,,,,,,,,
2020-01-26,,,,,,,,,,,,,,,,
2020-01-27,63.0,62.25,63.0,63.5,62.872,62.25,,62.95,,63.0,63.0,60.9,60.36,63.0,62.6,61.0
2020-01-28,63.0,62.25,63.0,63.5,62.872,62.25,,63.95,,63.0,63.0,60.9,60.36,63.0,62.7,61.0
2020-01-29,63.0,62.25,,63.5,62.872,62.25,,62.95,,63.0,63.0,60.9,60.51,63.0,62.7,61.0
2020-01-30,63.0,62.25,63.1,63.5,62.872,62.25,,62.95,,63.0,63.0,60.9,,63.0,62.7,61.0
2020-01-31,63.0,62.25,63.2,63.5,62.872,62.25,63.34,62.95,,63.0,63.0,60.9,60.61,63.0,,61.0
2020-02-01,,,,,,,,,,,,,,,,
2020-02-02,,,,,,,,,,,,,,,,
2020-02-03,63.0,62.25,63.2,63.5,62.971,62.25,63.49,62.95,,63.0,63.0,61.3,,63.0,,61.5
2020-02-04,63.0,62.25,63.45,63.5,63.069,62.25,63.59,62.95,,63.0,63.0,61.5,60.91,63.0,,61.5
2020-02-05,63.0,62.75,63.45,63.5,63.069,62.65,63.59,62.95,,63.0,63.0,61.5,,63.0,,61.5
2020-02-06,63.0,62.75,63.45,63.5,63.069,62.65,,62.95,,63.0,63.0,61.6,60.91,63.0,,61.5
2020-02-07,63.0,62.75,63.6,63.5,63.168,62.7,,62.95,,63.0,63.0,61.6,61.16,63.0,,61.5
2020-02-08,,,,,,,,,,,,,,,,
2020-02-09,,,,,,,,,,,,,,,,
2020-02-10,63.5,62.75,63.6,63.5,63.267,62.7,63.99,62.95,,63.0,63.0,62.0,61.36,63.2,,62.0
2020-02-11,64.0,63.05,63.8,63.5,63.464,62.95,,63.2,,,63.25,62.0,,63.4,,62.0
2020-02-12,64.0,63.25,64.0,63.5,63.563,62.95,64.19,63.2,,63.0,63.5,62.0,61.61,63.5,,62.0
2020-02-13,64.0,62.25,64.0,63.5,63.662,63.2,64.34,63.2,,63.5,63.5,62.3,,63.5,,62.0
2020-02-14,64.0,63.45,64.2,63.75,63.76,63.2,64.44,63.2,,63.5,63.5,62.3,,63.6,,62.0
2020-02-15,,,,,,,,,,,,,,,,
2020-02-16,,,,,,,,,,,,,,,,
2020-02-17,64.0,63.65,64.2,63.75,63.859,63.2,64.64,63.2,,63.5,63.75,61.9,62.00100000000001,63.7,,62.1
2020-02-18,64.0,63.65,64.4,,63.859,63.2,,63.2,,63.5,,61.9,61.901,63.6,,62.1
2020-02-19,64.0,,64.4,63.75,63.859,63.2,,63.45,,63.5,63.75,61.9,61.901,63.6,,62.1
2020-02-20,64.0,63.65,64.4,63.75,63.958,63.15,64.74,63.45,,63.5,63.75,61.9,,63.6,,62.0
2020-02-21,64.0,63.65,64.4,63.75,64.056,63.45,64.84,63.45,,63.5,,62.2,62.101000000000006,64.0,,62.0
2020-02-22,,,,,,,,,,,,,,,,
2020-02-23,,,,,,,,,,,,,,,,
2020-02-24,,,,,,,,,,,,,,,,
2020-02-25,,,,,,,,,,,,,,,,
2020-02-26,64.0,63.75,64.6,63.75,64.25399999999999,63.45,65.09,63.7,,63.5,64.0,62.5,62.31,64.0,,62.2
2020-02-27,64.0,64.05,64.6,,64.25399999999999,63.7,,63.7,,64.0,64.0,62.5,62.41,64.0,,62.3
2020-02-28,64.0,64.25,64.9,64.0,64.352,63.75,65.19,63.95,,64.0,64.0,62.5,62.51,64.0,,62.5
2020-02-29,,,,,,,,,,,,,,,,
2020-03-01,,,,,,,,,,,,,,,,
2020-03-02,64.5,64.25,64.9,64.5,64.45100000000001,63.75,65.29,63.95,,,64.0,62.5,63.5,64.0,,62.5
2020-03-03,64.5,64.45,64.9,64.5,64.649,63.75,65.34,63.95,,64.0,64.0,62.7,63.5,64.5,,
2020-03-04,64.5,64.45,64.9,64.5,64.747,63.75,65.34,63.95,,64.0,64.5,62.7,63.5,64.5,,62.9
2020-03-05,64.5,64.65,65.1,64.5,64.846,63.75,,63.95,,64.0,64.5,62.7,63.5,64.5,,62.9
2020-03-06,64.5,64.75,65.2,,64.945,63.75,65.49,63.95,,64.0,64.5,62.7,63.5,65.0,64.9,62.9
2020-03-07,,,,,,,,,,,,,,,,
2020-03-08,,,,,,,,,,,,,,,,
2020-03-09,64.5,64.75,65.2,64.5,65.043,63.75,65.57,63.95,,64.0,64.5,62.7,,65.0,64.9,63.5
2020-03-10,64.5,64.75,65.2,64.5,65.142,63.75,65.57,63.95,,64.0,64.6,63.2,63.5,65.0,65.1,63.5
2020-03-11,64.5,64.75,65.2,64.5,65.241,63.75,65.69,63.95,,64.0,64.75,63.2,,65.0,65.1,63.5
2020-03-12,65.0,64.75,65.5,65.0,65.438,63.75,65.84,64.45,,64.5,64.75,63.5,,65.0,65.3,63.5
2020-03-13,65.0,65.05,65.5,65.0,65.53699999999999,64.25,65.89,64.45,,64.5,65.1,,,65.0,,63.5
2020-03-14,,,,,,,,,,,,,,,,
2020-03-15,,,,,,,,,,,,,,,,
2020-03-16,65.0,65.25,65.5,65.0,65.833,64.25,66.04,64.45,,64.5,65.25,63.5,,65.0,,63.5
2020-03-17,65.0,65.25,65.75,65.0,65.833,64.25,,64.45,,64.5,65.25,63.75,64.0,65.0,65.68,63.7
2020-03-18,65.5,65.55,66.0,65.0,66.12899999999999,64.25,66.34,64.95,,64.5,65.25,63.95,,65.5,65.83,63.7
2020-03-19,65.5,65.75,66.75,65.0,66.22800000000001,64.45,66.49,64.95,,65.0,65.75,63.95,,65.5,,64.0
2020-03-20,65.75,,66.5,66.0,66.22800000000001,64.45,66.74,64.95,,65.0,66.0,64.5,64.7,66.0,66.27,64.5
2020-03-21,,,,,,,,,,,,,,,,
2020-03-22,,,,,,,,,,,,,,,,
2020-03-23,,,,,,,,,,,,,,,,
2020-03-24,,,,,,,,,,,,,,,,
2020-03-25,65.75,65.75,66.5,66.0,66.721,64.95,,65.2,,65.0,66.25,65.0,,66.0,66.55,64.5
2020-03-26,65.75,66.25,,67.0,66.919,65.45,67.19,65.2,,65.5,66.25,65.0,,66.0,66.73,65.0
2020-03-27,66.0,66.25,67.0,67.0,67.017,,67.39,65.45,,66.0,66.5,65.0,65.01,66.5,66.91,
2020-03-28,,,,,,,,,,,,,,,,
2020-03-29,,,,,,,,,,,,,,,,
2020-03-30,66.5,66.65,67.0,67.0,67.017,65.7,67.44,65.7,,66.0,66.75,65.5,,66.5,66.97,
2020-03-31,,,,,,,,,,,,,,,,
2020-04-01,66.5,66.65,,67.0,67.017,65.95,67.59,65.95,,66.0,66.75,65.5,,66.5,67.05,
2020-04-02,66.5,66.95,67.5,67.0,67.215,65.95,,65.95,,66.0,67.0,65.5,65.31,66.5,67.22,
2020-04-03,66.5,66.95,67.5,67.0,67.41199999999999,65.95,67.94,65.95,,67.0,67.25,65.5,65.41,67.0,67.42,
2020-04-04,,,,,,,,,,,,,,,,
2020-04-05,,,,,,,,,,,,,,,,
2020-04-06,66.75,67.25,67.65,67.0,67.41199999999999,66.2,67.99,66.2,,67.0,67.25,65.8,65.61,67.0,,
2020-04-07,67.0,67.25,67.65,67.0,67.61,66.45,68.04,66.45,,67.0,67.25,65.8,65.61,67.0,67.6,
2020-04-08,67.0,,,,67.61,66.45,68.19,66.45,,,,,,67.0,,
2020-04-09,,,,,,,,,,,,,,,,
2020-04-10,,,,,,,,,,,,,,,,
2020-04-11,,,,,,,,,,,,,,,,
2020-04-12,,,,,,,,,,,,,,,,
2020-04-13,67.5,67.65,68.1,67.75,67.807,66.7,69.39,66.7,,67.0,67.75,66.2,,67.0,67.9,
2020-04-14,67.5,67.65,68.2,67.75,68.10300000000001,66.7,68.54,66.7,,67.25,67.75,66.9,,67.5,,
2020-04-15,67.5,68.0,68.55,67.75,68.3,66.7,68.69,66.7,,67.25,67.75,67.0,,67.5,68.15,
2020-04-16,67.75,68.0,68.55,67.75,68.399,67.2,68.69,67.2,,67.25,68.0,67.0,,68.0,,
2020-04-17,67.75,68.3,68.65,68.75,68.498,67.2,68.79,67.2,,67.25,68.0,67.5,,68.0,68.36,
2020-04-18,,,,,,,,,,,,,,,,
2020-04-19,,,,,,,,,,,,,,,,
2020-04-20,68.0,68.5,68.65,68.75,68.597,67.45,,67.45,,67.25,68.25,67.5,,68.0,68.48,
2020-04-21,68.25,68.5,68.7,68.75,68.695,67.7,68.99,67.7,,68.25,68.25,67.5,,68.5,,
2020-04-22,68.25,68.7,68.85,68.75,68.893,67.7,69.19,67.7,,,68.5,67.75,66.91,68.5,68.75,
2020-04-23,68.25,68.7,69.05,68.75,68.991,67.7,69.34,67.7,,68.25,68.5,67.75,,68.5,,
2020-04-24,68.75,68.9,69.05,,68.991,68.2,69.44,68.2,,68.75,68.75,68.0,67.01,68.5,68.95,
2020-04-25,,,,,,,,,,,,,,,,
2020-04-26,,,,,,,,,,,,,,,,
2020-04-27,69.0,69.0,69.25,68.75,69.09,68.2,69.54,68.2,,68.75,68.75,68.5,,69.0,,
2020-04-28,69.0,69.0,69.25,68.75,69.189,68.45,69.64,68.45,,68.75,69.0,68.5,,69.0,,
2020-04-29,69.25,69.0,69.4,,69.28699999999999,68.45,69.74,68.45,,69.25,69.0,68.75,,69.0,,
2020-04-30,69.25,69.3,69.4,69.25,69.485,68.7,69.84,68.7,,69.25,69.25,68.75,,69.0,,
2020-05-01,,,,,,,,,,,,,,,,
2020-05-02,,,,,,,,,,,,,,,,
2020-05-03,,,,,,,,,,,,,,,,
2020-05-04,69.25,69.5,69.5,69.25,69.485,68.7,69.64,68.7,,69.25,69.25,69.15,,69.0,69.45,
2020-05-05,69.25,69.9,69.6,69.25,69.584,68.7,69.64,68.7,,69.5,69.5,69.15,,69.5,69.5,
2020-05-06,69.5,69.9,69.8,69.25,69.584,68.7,70.19,68.7,,69.5,69.5,69.15,,69.5,69.6,
2020-05-07,69.5,69.7,69.8,69.25,69.781,69.2,70.19,69.2,,69.5,69.5,69.15,,69.5,69.7,
2020-05-08,69.75,69.7,69.9,69.75,69.781,69.2,70.29,69.2,,69.5,69.75,69.35,,69.5,,
2020-05-09,,,,,,,,,,,,,,,,
2020-05-10,,,,,,,,,,,,,,,,
2020-05-11,69.75,69.7,69.9,,69.97800000000001,69.2,70.39,69.2,,69.0,69.75,69.5,,69.5,69.9,
2020-05-12,69.75,69.7,69.9,,70.077,69.2,70.39,69.2,,70.0,69.75,69.4,,69.5,,
2020-05-13,70.0,69.7,70.0,69.75,70.176,69.7,70.54,69.7,,70.0,69.75,69.55,,69.5,,
2020-05-14,,70.0,70.1,69.75,70.373,69.5,70.64,69.7,,70.0,70.0,69.7,,70.0,70.15,
2020-05-15,70.0,70.0,70.2,69.75,70.571,69.9,70.64,69.7,,70.0,70.25,69.8,,70.0,,
2020-05-16,,,,,,,,,,,,,,,,
2020-05-17,,,,,,,,,,,,,,,,
2020-05-18,70.5,70.0,70.4,70.25,70.768,69.95,70.84,69.95,,70.0,70.25,70.1,,70.0,70.32,
2020-05-19,70.5,70.5,70.4,70.25,70.768,69.95,70.94,69.95,,70.5,70.5,70.1,,70.0,,
2020-05-20,,,,,,,,,,,,,,,,
2020-05-21,70.5,70.5,70.6,70.25,70.867,69.95,,69.95,,70.5,70.5,70.1,,70.5,70.6,
2020-05-22,70.75,70.5,70.7,70.25,70.965,70.2,71.19,70.2,,70.5,70.5,70.2,,70.5,70.7,
2020-05-23,,,,,,,,,,,,,,,,
2020-05-24,,,,,,,,,,,,,,,,
2020-05-25,,,,,,,,,,,,,,,,
2020-05-26,70.75,70.8,70.7,70.25,71.064,70.2,71.29,70.2,,70.5,70.75,70.45,,70.5,,
2020-05-27,70.75,70.8,70.85,70.25,71.163,70.2,71.39,70.2,,70.5,70.75,70.45,,70.5,70.86,
2020-05-28,70.75,70.8,70.95,70.75,71.26100000000002,70.2,71.49,70.2,,71.0,70.75,70.45,,70.5,70.95,
2020-05-29,70.75,71.0,71.1,70.75,71.36,70.45,71.59,70.45,,71.0,71.0,70.75,,70.5,71.05,
2020-05-30,,,,,,,,,,,,,,,,
2020-05-31,,,,,,,,,,,,,,,,
2020-06-01,71.0,71.0,71.2,70.75,71.459,70.45,,70.45,,71.0,71.0,70.75,,70.5,71.15,
2020-06-02,71.0,71.0,71.3,70.75,71.558,70.45,71.74,70.45,,71.0,71.0,,,71.0,,
2020-06-03,71.0,71.0,71.4,70.75,71.656,70.45,,70.45,,71.0,71.25,70.75,,71.0,71.3,
2020-06-04,71.0,71.3,71.5,71.5,71.755,70.7,71.94,70.7,,71.0,71.25,70.75,,71.0,71.4,
2020-06-05,,,,,,,,,,,,,,,,
2020-06-06,,,,,,,,,,,,,,,,
2020-06-07,,,,,,,,,,,,,,,,
2020-06-08,73.0,71.5,71.7,71.5,71.952,70.7,72.14,70.7,,71.5,71.5,71.45,,72.0,71.6,
2020-06-09,73.0,71.5,71.8,71.5,72.15,71.45,71.49,71.45,,71.5,71.5,71.45,,72.0,71.7,
2020-06-10,73.1,72.0,71.8,71.75,72.248,71.45,72.59,71.45,,72.0,71.75,71.45,,72.0,71.76,
2020-06-11,73.1,72.0,71.9,71.75,72.347,71.45,72.59,71.45,,72.0,72.0,72.5,,72.5,71.82,
2020-06-12,73.2,72.5,71.95,71.75,72.446,71.95,72.74,71.95,,72.0,72.25,72.5,,72.5,,
2020-06-13,,,,,,,,,,,,,,,,
2020-06-14,,,,,,,,,,,,,,,,
2020-06-15,,,,,,,,,,,,,,,,
2020-06-16,73.5,72.5,72.2,72.25,72.742,72.2,72.99,72.2,,72.5,72.3,72.0,,72.5,72.12,
2020-06-17,73.5,73.0,72.2,72.5,72.84100000000002,72.2,72.99,72.2,,72.5,72.5,72.5,,73.0,72.72,
2020-06-18,73.75,73.0,72.3,,73.038,72.45,,72.45,,72.5,72.75,72.5,,73.0,72.24,
2020-06-19,73.9,73.0,72.4,,72.89,72.45,73.19,72.45,,73.5,72.75,72.5,,73.0,72.3,
2020-06-20,,,,,,,,,,,,,,,,
2020-06-21,,,,,,,,,,,,,,,,
2020-06-22,74.1,73.0,72.6,72.75,73.087,72.45,,72.45,,73.5,73.0,74.0,,73.0,72.5,
2020-06-23,74.2,73.5,72.6,72.75,73.186,72.95,73.49,72.95,,73.5,73.0,72.5,,73.5,72.55,
2020-06-24,74.3,73.5,72.7,73.25,73.186,72.95,73.59,72.95,,73.5,73.25,72.5,,73.5,,
2020-06-25,74.3,73.5,72.7,73.25,73.28399999999998,72.95,73.64,72.95,,73.5,73.5,72.5,,73.5,,
2020-06-26,74.4,73.5,72.8,73.25,73.875,72.95,,72.95,,73.5,73.5,72.75,,73.5,72.72,
2020-06-27,,,,,,,,,,,,,,,,
2020-06-28,,,,,,,,,,,,,,,,
2020-06-29,74.5,73.5,73.0,75.75,73.875,73.45,74.34,73.45,,73.5,73.75,73.5,,73.5,72.9,
2020-06-30,75.0,74.0,73.0,73.75,74.171,73.45,74.49,73.45,,73.5,73.75,73.5,,74.0,72.96,
2020-07-01,75.0,74.5,73.1,73.5,73.839,73.45,74.59,73.45,,73.75,74.0,73.75,,74.0,73.02,
2020-07-02,75.0,74.5,74.1,73.75,73.937,73.7,,73.7,,74.0,74.0,73.75,,74.0,74.1,
2020-07-03,75.0,74.5,74.3,74.0,74.035,73.95,74.69,73.95,,74.0,74.15,73.75,,74.0,74.15,
2020-07-04,,,,,,,,,,,,,,,,
2020-07-05,,,,,,,,,,,,,,,,
2020-07-06,75.25,74.5,74.5,74.75,74.328,73.95,74.84,73.95,,74.5,74.5,74.25,,74.5,74.32,
2020-07-07,75.25,74.5,74.6,74.75,74.328,73.95,74.89,73.95,,75.0,74.55,74.25,,74.5,74.4,
2020-07-08,75.25,74.5,74.6,74.75,74.328,74.45,74.89,74.45,,75.0,74.55,74.35,,74.5,74.45,
2020-07-09,,,,,,,,,,,,,,,,
2020-07-10,,,,,,,,,,,,,,,,
2020-07-11,,,,,,,,,,,,,,,,
2020-07-12,,,,,,,,,,,,,,,,
2020-07-13,75.6,74.5,74.9,75.0,74.62100000000002,74.45,75.19,74.45,,75.0,74.25,74.5,,75.0,74.75,
2020-07-14,75.6,75.0,74.9,75.0,74.62100000000002,74.95,,74.95,,75.0,74.75,74.75,,75.0,74.8,
2020-07-15,75.75,75.0,75.0,75.5,74.719,74.95,,74.95,,75.5,75.0,74.85,,75.0,74.9,
2020-07-16,75.75,75.0,75.2,75.5,74.719,74.95,75.29,74.95,,75.5,75.0,74.85,,75.0,,
2020-07-17,75.75,75.0,75.2,75.5,74.817,75.2,75.29,75.2,,75.5,75.0,74.85,,75.0,75.0,
2020-07-18,,,,,,,,,,,,,,,,
2020-07-19,,,,,,,,,,,,,,,,
2020-07-20,76.0,75.0,75.5,75.5,75.11,75.45,75.59,75.45,,75.5,75.25,75.0,,75.5,75.16,
2020-07-21,76.25,75.5,75.5,75.75,75.208,75.45,75.59,75.45,,75.5,75.4,75.5,,75.5,75.22,
2020-07-22,76.25,75.5,75.6,75.75,75.208,75.45,75.69,75.45,,75.5,75.5,75.5,,75.5,75.3,
2020-07-23,76.25,75.5,75.6,76.5,75.208,75.45,75.79,75.45,,75.5,75.55,75.5,,76.0,75.35,
2020-07-24,76.25,75.5,75.6,76.5,75.306,75.7,75.79,75.7,,75.75,75.7,75.5,,76.0,75.4,
2020-07-25,,,,,,,,,,,,,,,,
2020-07-26,,,,,,,,,,,,,,,,
2020-07-27,76.5,75.5,75.6,76.5,75.502,75.7,75.99,75.7,,75.75,75.75,75.75,,76.0,,
2020-07-28,76.75,76.0,75.7,76.5,75.697,75.95,75.99,75.95,,75.75,75.8,75.75,,76.0,,
2020-07-29,76.4,76.0,75.9,,75.59899999999998,75.95,75.99,75.95,,76.25,75.85,75.75,,76.0,75.7,
2020-07-30,76.4,76.0,76.2,76.5,75.795,75.95,76.29,75.95,,76.25,75.9,75.75,,76.5,75.76,
2020-07-31,76.4,76.0,76.2,77.5,75.795,76.2,76.29,76.2,,76.5,76.05,76.5,,76.5,,
2020-08-01,,,,,,,,,,,,,,,,
2020-08-02,,,,,,,,,,,,,,,,
2020-08-03,77.0,77.0,76.3,77.5,76.08800000000002,76.45,76.69,76.45,,76.5,76.5,76.25,,76.5,76.02,
2020-08-04,77.0,77.0,76.3,77.5,76.08800000000002,76.45,76.69,76.45,,77.0,76.6,76.5,,76.5,,
2020-08-05,77.0,77.0,76.6,77.5,76.186,76.7,76.69,76.7,,77.0,76.75,76.75,,77.0,,
2020-08-06,77.0,77.0,76.7,77.5,76.28399999999998,76.7,76.69,76.7,,77.0,76.85,76.75,,77.0,,
2020-08-07,,,,,,,,,,,,,,,,
2020-08-08,,,,,,,,,,,,,,,,
2020-08-09,,,,,,,,,,,,,,,,
2020-08-10,77.5,77.0,77.0,78.0,76.577,76.95,77.19,76.95,,77.0,77.1,76.95,,77.0,,
2020-08-11,77.5,77.5,77.0,78.0,76.577,76.95,77.19,76.95,,77.25,77.2,77.0,,77.0,,
2020-08-12,77.5,77.5,77.1,78.0,76.577,76.95,77.19,76.95,,,77.25,77.25,,77.5,77.35,
2020-08-13,77.5,77.5,77.2,78.0,76.87100000000002,76.95,,77.2,,77.5,77.25,76.9,,77.5,,
2020-08-14,77.5,77.5,77.3,78.0,76.87100000000002,76.95,77.19,77.2,,77.5,77.5,76.95,,77.5,,
2020-08-15,,,,,,,,,,,,,,,,
2020-08-16,,,,,,,,,,,,,,,,
2020-08-17,,,,,,,,,,,,,,,,
2020-08-18,77.75,77.5,77.6,78.0,77.164,77.45,77.49,77.45,,77.5,77.55,77.25,,77.5,77.7,
2020-08-19,77.75,77.5,77.6,78.0,77.262,77.45,77.49,77.45,,77.75,77.65,77.25,,78.0,77.8,
2020-08-20,78.0,77.5,77.6,78.0,77.262,77.45,77.49,77.45,,77.75,77.75,77.25,,78.0,77.85,
2020-08-21,78.0,78.0,77.7,,77.36,77.45,,77.45,,77.75,77.9,77.5,,78.0,77.9,
2020-08-22,,,,,,,,,,,,,,,,
2020-08-23,,,,,,,,,,,,,,,,
2020-08-24,78.0,78.0,77.9,78.5,77.36,77.7,77.79,77.7,,78.0,77.95,78.25,,78.0,,
2020-08-25,78.25,78.0,78.0,,77.36,77.7,77.79,77.7,,78.0,78.05,77.7,,78.0,78.1,
2020-08-26,78.25,78.0,78.0,,77.458,77.7,77.79,77.7,,78.25,78.1,77.75,,78.0,78.16,
2020-08-27,78.25,78.0,78.0,78.5,77.458,77.7,77.79,77.7,,78.25,78.15,78.25,,78.5,78.24,
2020-08-28,78.25,78.5,78.0,78.5,77.947,77.95,77.79,77.95,,78.25,78.25,77.75,,78.5,,
2020-08-29,,,,,,,,,,,,,,,,
2020-08-30,,,,,,,,,,,,,,,,
2020-08-31,78.75,78.5,78.25,79.0,77.947,77.95,78.14,77.95,,78.25,78.25,78.0,,78.5,78.5,
2020-09-01,79.0,78.75,78.7,79.0,78.044,78.2,78.14,78.2,,78.25,78.6,78.15,,78.5,78.55,
2020-09-02,79.0,78.75,78.7,79.25,78.044,78.2,78.79,78.2,,78.75,78.7,78.15,,78.5,,
2020-09-03,79.0,78.75,78.85,79.25,78.142,78.2,78.79,78.2,,78.75,78.8,78.15,,78.5,,
2020-09-04,79.0,,78.85,,78.044,78.45,78.79,78.45,,78.75,78.95,78.25,,78.5,,
2020-09-05,,,,,,,,,,,,,,,,
2020-09-06,,,,,,,,,,,,,,,,
2020-09-07,79.25,78.75,79.1,79.5,78.24,78.45,79.19,78.45,,78.75,,78.5,,79.0,,
2020-09-08,79.25,79.0,79.1,79.5,78.24,78.7,79.19,78.7,,79.0,79.1,78.75,,79.0,,
2020-09-09,79.25,79.0,79.1,79.5,78.33800000000002,78.7,79.29,78.7,,79.0,79.15,78.75,,79.0,,
2020-09-10,79.25,79.0,79.1,79.5,78.33800000000002,78.95,,78.95,,79.5,79.15,78.75,,79.0,,
2020-09-11,79.5,79.0,79.15,79.5,78.631,78.95,,78.95,,79.5,79.25,78.95,,79.0,,
2020-09-12,,,,,,,,,,,,,,,,
2020-09-13,,,,,,,,,,,,,,,,
2020-09-14,79.5,79.25,79.35,80.0,78.827,78.95,79.59,78.95,,79.5,79.35,78.95,,79.0,,
2020-09-15,79.75,79.5,79.4,80.0,78.827,79.2,79.59,79.2,,,79.4,79.0,,79.0,,
2020-09-16,79.75,79.5,79.5,80.0,79.02199999999998,79.2,79.59,79.2,,79.5,79.5,79.5,,79.5,,
2020-09-17,79.75,79.5,79.6,80.0,79.02199999999998,79.2,79.79,79.2,,79.5,79.6,79.5,,79.5,,
2020-09-18,79.75,79.5,79.7,80.0,79.02199999999998,79.2,79.79,79.2,,79.5,79.75,79.5,,79.5,,
2020-09-19,,,,,,,,,,,,,,,,
2020-09-20,,,,,,,,,,,,,,,,
2020-09-21,80.0,79.5,,80.0,79.12,79.45,79.99,79.45,,79.5,79.75,79.5,,79.5,,
2020-09-22,80.0,79.5,79.9,80.0,79.316,79.45,79.99,79.45,,79.5,79.85,79.5,,80.0,,
2020-09-23,80.0,79.5,79.9,80.0,79.414,79.45,80.19,79.45,,79.5,79.9,79.5,,80.0,,
2020-09-24,80.25,80.0,,80.0,79.51100000000002,79.7,80.19,79.7,,79.5,79.95,79.5,,80.0,,
